Column1,Column2,Column3,Column4,Column5,Column6,Column7,Column8,Column9
1/3/2020,ZWE,GADM,ZWE.1.1_1,Bulawayo,-0.13823,0.18672,full_february,DAY_OF_WEEK
2/3/2020,ZWE,GADM,ZWE.1.1_1,Bulawayo,0.03095,0.10094,full_february,DAY_OF_WEEK
3/3/2020,ZWE,GADM,ZWE.1.1_1,Bulawayo,-0.03279,0.1288,full_february,DAY_OF_WEEK
4/3/2020,ZWE,GADM,ZWE.1.1_1,Bulawayo,-0.06359,0.13719,full_february,DAY_OF_WEEK
5/3/2020,ZWE,GADM,ZWE.1.1_1,Bulawayo,-0.01353,0.1323,full_february,DAY_OF_WEEK
6/3/2020,ZWE,GADM,ZWE.1.1_1,Bulawayo,0.01391,0.12606,full_february,DAY_OF_WEEK
7/3/2020,ZWE,GADM,ZWE.1.1_1,Bulawayo,0.04334,0.14115,full_february,DAY_OF_WEEK
8/3/2020,ZWE,GADM,ZWE.1.1_1,Bulawayo,-0.0124,0.18853,full_february,DAY_OF_WEEK
9/3/2020,ZWE,GADM,ZWE.1.1_1,Bulawayo,0.0469,0.12575,full_february,DAY_OF_WEEK
10/3/2020,ZWE,GADM,ZWE.1.1_1,Bulawayo,-0.0078,0.12806,full_february,DAY_OF_WEEK
11/3/2020,ZWE,GADM,ZWE.1.1_1,Bulawayo,-0.01225,0.12221,full_february,DAY_OF_WEEK
12/3/2020,ZWE,GADM,ZWE.1.1_1,Bulawayo,-0.01094,0.1237,full_february,DAY_OF_WEEK
13/3/2020,ZWE,GADM,ZWE.1.1_1,Bulawayo,-0.02403,0.12842,full_february,DAY_OF_WEEK
14/3/2020,ZWE,GADM,ZWE.1.1_1,Bulawayo,0.04039,0.14486,full_february,DAY_OF_WEEK
15/3/2020,ZWE,GADM,ZWE.1.1_1,Bulawayo,-0.00414,0.17607,full_february,DAY_OF_WEEK
16/3/2020,ZWE,GADM,ZWE.1.1_1,Bulawayo,0.02065,0.12093,full_february,DAY_OF_WEEK
17/3/2020,ZWE,GADM,ZWE.1.1_1,Bulawayo,0.00449,0.12805,full_february,DAY_OF_WEEK
18/3/2020,ZWE,GADM,ZWE.1.1_1,Bulawayo,-0.05466,0.13296,full_february,DAY_OF_WEEK
19/3/2020,ZWE,GADM,ZWE.1.1_1,Bulawayo,-0.0483,0.1202,full_february,DAY_OF_WEEK
20/3/2020,ZWE,GADM,ZWE.1.1_1,Bulawayo,-0.05234,0.1229,full_february,DAY_OF_WEEK
21/3/2020,ZWE,GADM,ZWE.1.1_1,Bulawayo,-0.04442,0.15925,full_february,DAY_OF_WEEK
22/3/2020,ZWE,GADM,ZWE.1.1_1,Bulawayo,-0.12099,0.21415,full_february,DAY_OF_WEEK
23/3/2020,ZWE,GADM,ZWE.1.1_1,Bulawayo,-0.03728,0.14306,full_february,DAY_OF_WEEK
24/3/2020,ZWE,GADM,ZWE.1.1_1,Bulawayo,-0.00295,0.14449,full_february,DAY_OF_WEEK
25/3/2020,ZWE,GADM,ZWE.1.1_1,Bulawayo,-0.09099,0.17674,full_february,DAY_OF_WEEK
26/3/2020,ZWE,GADM,ZWE.1.1_1,Bulawayo,-0.12721,0.1837,full_february,DAY_OF_WEEK
27/3/2020,ZWE,GADM,ZWE.1.1_1,Bulawayo,-0.17223,0.19489,full_february,DAY_OF_WEEK
28/3/2020,ZWE,GADM,ZWE.1.1_1,Bulawayo,0.00115,0.18428,full_february,DAY_OF_WEEK
29/3/2020,ZWE,GADM,ZWE.1.1_1,Bulawayo,-0.01152,0.23199,full_february,DAY_OF_WEEK
30/3/2020,ZWE,GADM,ZWE.1.1_1,Bulawayo,-0.49253,0.4108,full_february,DAY_OF_WEEK
31/3/2020,ZWE,GADM,ZWE.1.1_1,Bulawayo,-0.50302,0.41777,full_february,DAY_OF_WEEK
1/4/2020,ZWE,GADM,ZWE.1.1_1,Bulawayo,-0.50155,0.40123,full_february,DAY_OF_WEEK
2/4/2020,ZWE,GADM,ZWE.1.1_1,Bulawayo,-0.49205,0.42093,full_february,DAY_OF_WEEK
3/4/2020,ZWE,GADM,ZWE.1.1_1,Bulawayo,-0.51996,0.40733,full_february,DAY_OF_WEEK
4/4/2020,ZWE,GADM,ZWE.1.1_1,Bulawayo,-0.51311,0.42404,full_february,DAY_OF_WEEK
5/4/2020,ZWE,GADM,ZWE.1.1_1,Bulawayo,-0.51009,0.43866,full_february,DAY_OF_WEEK
6/4/2020,ZWE,GADM,ZWE.1.1_1,Bulawayo,-0.42741,0.38124,full_february,DAY_OF_WEEK
7/4/2020,ZWE,GADM,ZWE.1.1_1,Bulawayo,-0.42662,0.35746,full_february,DAY_OF_WEEK
8/4/2020,ZWE,GADM,ZWE.1.1_1,Bulawayo,-0.44104,0.37339,full_february,DAY_OF_WEEK
9/4/2020,ZWE,GADM,ZWE.1.1_1,Bulawayo,-0.45522,0.37616,full_february,DAY_OF_WEEK
10/4/2020,ZWE,GADM,ZWE.1.1_1,Bulawayo,-0.48652,0.39263,full_february,DAY_OF_WEEK
11/4/2020,ZWE,GADM,ZWE.1.1_1,Bulawayo,-0.47608,0.40627,full_february,DAY_OF_WEEK
12/4/2020,ZWE,GADM,ZWE.1.1_1,Bulawayo,-0.49679,0.42435,full_february,DAY_OF_WEEK
13/4/2020,ZWE,GADM,ZWE.1.1_1,Bulawayo,-0.46329,0.3924,full_february,DAY_OF_WEEK
14/4/2020,ZWE,GADM,ZWE.1.1_1,Bulawayo,-0.40357,0.36577,full_february,DAY_OF_WEEK
15/4/2020,ZWE,GADM,ZWE.1.1_1,Bulawayo,-0.42272,0.35308,full_february,DAY_OF_WEEK
16/4/2020,ZWE,GADM,ZWE.1.1_1,Bulawayo,-0.48848,0.40324,full_february,DAY_OF_WEEK
17/4/2020,ZWE,GADM,ZWE.1.1_1,Bulawayo,-0.44915,0.37632,full_february,DAY_OF_WEEK
18/4/2020,ZWE,GADM,ZWE.1.1_1,Bulawayo,-0.48781,0.41737,full_february,DAY_OF_WEEK
19/4/2020,ZWE,GADM,ZWE.1.1_1,Bulawayo,-0.49344,0.42389,full_february,DAY_OF_WEEK
20/4/2020,ZWE,GADM,ZWE.1.1_1,Bulawayo,-0.34738,0.32886,full_february,DAY_OF_WEEK
21/4/2020,ZWE,GADM,ZWE.1.1_1,Bulawayo,-0.33976,0.3301,full_february,DAY_OF_WEEK
22/4/2020,ZWE,GADM,ZWE.1.1_1,Bulawayo,-0.35533,0.31229,full_february,DAY_OF_WEEK
23/4/2020,ZWE,GADM,ZWE.1.1_1,Bulawayo,-0.37515,0.3506,full_february,DAY_OF_WEEK
24/4/2020,ZWE,GADM,ZWE.1.1_1,Bulawayo,-0.33018,0.31492,full_february,DAY_OF_WEEK
25/4/2020,ZWE,GADM,ZWE.1.1_1,Bulawayo,-0.34201,0.33741,full_february,DAY_OF_WEEK
26/4/2020,ZWE,GADM,ZWE.1.1_1,Bulawayo,-0.37903,0.37869,full_february,DAY_OF_WEEK
27/4/2020,ZWE,GADM,ZWE.1.1_1,Bulawayo,-0.30331,0.32216,full_february,DAY_OF_WEEK
28/4/2020,ZWE,GADM,ZWE.1.1_1,Bulawayo,-0.30704,0.30296,full_february,DAY_OF_WEEK
29/4/2020,ZWE,GADM,ZWE.1.1_1,Bulawayo,-0.31111,0.30393,full_february,DAY_OF_WEEK
30/4/2020,ZWE,GADM,ZWE.1.1_1,Bulawayo,-0.3045,0.30731,full_february,DAY_OF_WEEK
1/5/2020,ZWE,GADM,ZWE.1.1_1,Bulawayo,-0.36463,0.31523,full_february,DAY_OF_WEEK
2/5/2020,ZWE,GADM,ZWE.1.1_1,Bulawayo,-0.31915,0.31084,full_february,DAY_OF_WEEK
3/5/2020,ZWE,GADM,ZWE.1.1_1,Bulawayo,-0.37576,0.36073,full_february,DAY_OF_WEEK
4/5/2020,ZWE,GADM,ZWE.1.1_1,Bulawayo,-0.23774,0.27357,full_february,DAY_OF_WEEK
5/5/2020,ZWE,GADM,ZWE.1.1_1,Bulawayo,-0.18836,0.25614,full_february,DAY_OF_WEEK
6/5/2020,ZWE,GADM,ZWE.1.1_1,Bulawayo,-0.17986,0.26098,full_february,DAY_OF_WEEK
7/5/2020,ZWE,GADM,ZWE.1.1_1,Bulawayo,-0.15858,0.27215,full_february,DAY_OF_WEEK
8/5/2020,ZWE,GADM,ZWE.1.1_1,Bulawayo,-0.158,0.24482,full_february,DAY_OF_WEEK
9/5/2020,ZWE,GADM,ZWE.1.1_1,Bulawayo,-0.12125,0.27781,full_february,DAY_OF_WEEK
10/5/2020,ZWE,GADM,ZWE.1.1_1,Bulawayo,-0.26149,0.33936,full_february,DAY_OF_WEEK
11/5/2020,ZWE,GADM,ZWE.1.1_1,Bulawayo,-0.10316,0.24114,full_february,DAY_OF_WEEK
12/5/2020,ZWE,GADM,ZWE.1.1_1,Bulawayo,-0.09787,0.23457,full_february,DAY_OF_WEEK
13/5/2020,ZWE,GADM,ZWE.1.1_1,Bulawayo,-0.13041,0.23455,full_february,DAY_OF_WEEK
14/5/2020,ZWE,GADM,ZWE.1.1_1,Bulawayo,-0.15012,0.23278,full_february,DAY_OF_WEEK
15/5/2020,ZWE,GADM,ZWE.1.1_1,Bulawayo,-0.07162,0.21562,full_february,DAY_OF_WEEK
16/5/2020,ZWE,GADM,ZWE.1.1_1,Bulawayo,-0.08168,0.25673,full_february,DAY_OF_WEEK
17/5/2020,ZWE,GADM,ZWE.1.1_1,Bulawayo,-0.21333,0.31278,full_february,DAY_OF_WEEK
18/5/2020,ZWE,GADM,ZWE.1.1_1,Bulawayo,-0.02072,0.21608,full_february,DAY_OF_WEEK
19/5/2020,ZWE,GADM,ZWE.1.1_1,Bulawayo,-0.05985,0.20236,full_february,DAY_OF_WEEK
20/5/2020,ZWE,GADM,ZWE.1.1_1,Bulawayo,-0.07423,0.21644,full_february,DAY_OF_WEEK
21/5/2020,ZWE,GADM,ZWE.1.1_1,Bulawayo,-0.10177,0.22153,full_february,DAY_OF_WEEK
22/5/2020,ZWE,GADM,ZWE.1.1_1,Bulawayo,-0.06006,0.19957,full_february,DAY_OF_WEEK
23/5/2020,ZWE,GADM,ZWE.1.1_1,Bulawayo,-0.02748,0.22367,full_february,DAY_OF_WEEK
24/5/2020,ZWE,GADM,ZWE.1.1_1,Bulawayo,-0.15429,0.27628,full_february,DAY_OF_WEEK
25/5/2020,ZWE,GADM,ZWE.1.1_1,Bulawayo,-0.16338,0.28403,full_february,DAY_OF_WEEK
26/5/2020,ZWE,GADM,ZWE.1.1_1,Bulawayo,0.007,0.19357,full_february,DAY_OF_WEEK
27/5/2020,ZWE,GADM,ZWE.1.1_1,Bulawayo,-0.03294,0.2037,full_february,DAY_OF_WEEK
28/5/2020,ZWE,GADM,ZWE.1.1_1,Bulawayo,-0.01424,0.19434,full_february,DAY_OF_WEEK
29/5/2020,ZWE,GADM,ZWE.1.1_1,Bulawayo,-0.01232,0.19269,full_february,DAY_OF_WEEK
30/5/2020,ZWE,GADM,ZWE.1.1_1,Bulawayo,0.04275,0.2258,full_february,DAY_OF_WEEK
31/5/2020,ZWE,GADM,ZWE.1.1_1,Bulawayo,-0.11054,0.2819,full_february,DAY_OF_WEEK
1/6/2020,ZWE,GADM,ZWE.1.1_1,Bulawayo,0.04928,0.17884,full_february,DAY_OF_WEEK
2/6/2020,ZWE,GADM,ZWE.1.1_1,Bulawayo,0.01059,0.18685,full_february,DAY_OF_WEEK
3/6/2020,ZWE,GADM,ZWE.1.1_1,Bulawayo,-0.02656,0.16886,full_february,DAY_OF_WEEK
4/6/2020,ZWE,GADM,ZWE.1.1_1,Bulawayo,-0.0014,0.17217,full_february,DAY_OF_WEEK
5/6/2020,ZWE,GADM,ZWE.1.1_1,Bulawayo,-0.05625,0.19971,full_february,DAY_OF_WEEK
6/6/2020,ZWE,GADM,ZWE.1.1_1,Bulawayo,-0.02593,0.21659,full_february,DAY_OF_WEEK
7/6/2020,ZWE,GADM,ZWE.1.1_1,Bulawayo,-0.17651,0.29129,full_february,DAY_OF_WEEK
8/6/2020,ZWE,GADM,ZWE.1.1_1,Bulawayo,0.0069,0.18234,full_february,DAY_OF_WEEK
9/6/2020,ZWE,GADM,ZWE.1.1_1,Bulawayo,-0.00758,0.16789,full_february,DAY_OF_WEEK
10/6/2020,ZWE,GADM,ZWE.1.1_1,Bulawayo,-0.02365,0.18088,full_february,DAY_OF_WEEK
11/6/2020,ZWE,GADM,ZWE.1.1_1,Bulawayo,-0.00919,0.18881,full_february,DAY_OF_WEEK
12/6/2020,ZWE,GADM,ZWE.1.1_1,Bulawayo,0.02009,0.17583,full_february,DAY_OF_WEEK
13/6/2020,ZWE,GADM,ZWE.1.1_1,Bulawayo,-0.00277,0.23599,full_february,DAY_OF_WEEK
14/6/2020,ZWE,GADM,ZWE.1.1_1,Bulawayo,-0.165,0.26568,full_february,DAY_OF_WEEK
15/6/2020,ZWE,GADM,ZWE.1.1_1,Bulawayo,-0.00149,0.18235,full_february,DAY_OF_WEEK
16/6/2020,ZWE,GADM,ZWE.1.1_1,Bulawayo,-0.27503,0.27884,full_february,DAY_OF_WEEK
17/6/2020,ZWE,GADM,ZWE.1.1_1,Bulawayo,-0.06431,0.20144,full_february,DAY_OF_WEEK
18/6/2020,ZWE,GADM,ZWE.1.1_1,Bulawayo,-0.06855,0.19477,full_february,DAY_OF_WEEK
19/6/2020,ZWE,GADM,ZWE.1.1_1,Bulawayo,-0.01658,0.17925,full_february,DAY_OF_WEEK
20/6/2020,ZWE,GADM,ZWE.1.1_1,Bulawayo,-0.01871,0.21144,full_february,DAY_OF_WEEK
21/6/2020,ZWE,GADM,ZWE.1.1_1,Bulawayo,-0.08959,0.26061,full_february,DAY_OF_WEEK
22/6/2020,ZWE,GADM,ZWE.1.1_1,Bulawayo,0.04093,0.17112,full_february,DAY_OF_WEEK
23/6/2020,ZWE,GADM,ZWE.1.1_1,Bulawayo,0.02313,0.18196,full_february,DAY_OF_WEEK
24/6/2020,ZWE,GADM,ZWE.1.1_1,Bulawayo,-0.01171,0.19121,full_february,DAY_OF_WEEK
25/6/2020,ZWE,GADM,ZWE.1.1_1,Bulawayo,-0.06444,0.20043,full_february,DAY_OF_WEEK
26/6/2020,ZWE,GADM,ZWE.1.1_1,Bulawayo,-0.00382,0.17613,full_february,DAY_OF_WEEK
27/6/2020,ZWE,GADM,ZWE.1.1_1,Bulawayo,0.02524,0.18996,full_february,DAY_OF_WEEK
28/6/2020,ZWE,GADM,ZWE.1.1_1,Bulawayo,-0.05188,0.24133,full_february,DAY_OF_WEEK
29/6/2020,ZWE,GADM,ZWE.1.1_1,Bulawayo,0.05123,0.16196,full_february,DAY_OF_WEEK
30/6/2020,ZWE,GADM,ZWE.1.1_1,Bulawayo,0.0451,0.1685,full_february,DAY_OF_WEEK
1/7/2020,ZWE,GADM,ZWE.1.1_1,Bulawayo,0.00114,0.16582,full_february,DAY_OF_WEEK
2/7/2020,ZWE,GADM,ZWE.1.1_1,Bulawayo,-0.00607,0.17644,full_february,DAY_OF_WEEK
3/7/2020,ZWE,GADM,ZWE.1.1_1,Bulawayo,0.01479,0.16166,full_february,DAY_OF_WEEK
4/7/2020,ZWE,GADM,ZWE.1.1_1,Bulawayo,0.00572,0.20336,full_february,DAY_OF_WEEK
5/7/2020,ZWE,GADM,ZWE.1.1_1,Bulawayo,-0.0391,0.24632,full_february,DAY_OF_WEEK
6/7/2020,ZWE,GADM,ZWE.1.1_1,Bulawayo,0.06918,0.17059,full_february,DAY_OF_WEEK
7/7/2020,ZWE,GADM,ZWE.1.1_1,Bulawayo,0.0776,0.16426,full_february,DAY_OF_WEEK
8/7/2020,ZWE,GADM,ZWE.1.1_1,Bulawayo,-0.03272,0.18148,full_february,DAY_OF_WEEK
9/7/2020,ZWE,GADM,ZWE.1.1_1,Bulawayo,-0.05352,0.19319,full_february,DAY_OF_WEEK
10/7/2020,ZWE,GADM,ZWE.1.1_1,Bulawayo,-0.00451,0.18411,full_february,DAY_OF_WEEK
1/3/2020,ZWE,GADM,ZWE.10.4_1,Gweru,-0.01679,0.20497,full_february,DAY_OF_WEEK
2/3/2020,ZWE,GADM,ZWE.10.4_1,Gweru,-0.05954,0.12811,full_february,DAY_OF_WEEK
3/3/2020,ZWE,GADM,ZWE.10.4_1,Gweru,-0.10132,0.13919,full_february,DAY_OF_WEEK
4/3/2020,ZWE,GADM,ZWE.10.4_1,Gweru,-0.10118,0.14256,full_february,DAY_OF_WEEK
5/3/2020,ZWE,GADM,ZWE.10.4_1,Gweru,-0.1082,0.13171,full_february,DAY_OF_WEEK
6/3/2020,ZWE,GADM,ZWE.10.4_1,Gweru,-0.05681,0.16523,full_february,DAY_OF_WEEK
7/3/2020,ZWE,GADM,ZWE.10.4_1,Gweru,0.02168,0.18067,full_february,DAY_OF_WEEK
8/3/2020,ZWE,GADM,ZWE.10.4_1,Gweru,-0.08303,0.1973,full_february,DAY_OF_WEEK
9/3/2020,ZWE,GADM,ZWE.10.4_1,Gweru,-0.08242,0.12075,full_february,DAY_OF_WEEK
10/3/2020,ZWE,GADM,ZWE.10.4_1,Gweru,-0.08139,0.13234,full_february,DAY_OF_WEEK
11/3/2020,ZWE,GADM,ZWE.10.4_1,Gweru,-0.0198,0.11325,full_february,DAY_OF_WEEK
12/3/2020,ZWE,GADM,ZWE.10.4_1,Gweru,-0.07946,0.12892,full_february,DAY_OF_WEEK
13/3/2020,ZWE,GADM,ZWE.10.4_1,Gweru,-0.04572,0.12409,full_february,DAY_OF_WEEK
14/3/2020,ZWE,GADM,ZWE.10.4_1,Gweru,0.05481,0.15271,full_february,DAY_OF_WEEK
15/3/2020,ZWE,GADM,ZWE.10.4_1,Gweru,-0.00628,0.18064,full_february,DAY_OF_WEEK
16/3/2020,ZWE,GADM,ZWE.10.4_1,Gweru,-0.08709,0.13157,full_february,DAY_OF_WEEK
17/3/2020,ZWE,GADM,ZWE.10.4_1,Gweru,-0.01279,0.141,full_february,DAY_OF_WEEK
18/3/2020,ZWE,GADM,ZWE.10.4_1,Gweru,-0.02591,0.13094,full_february,DAY_OF_WEEK
19/3/2020,ZWE,GADM,ZWE.10.4_1,Gweru,-0.07056,0.11188,full_february,DAY_OF_WEEK
20/3/2020,ZWE,GADM,ZWE.10.4_1,Gweru,-0.0412,0.13391,full_february,DAY_OF_WEEK
21/3/2020,ZWE,GADM,ZWE.10.4_1,Gweru,0.06222,0.14151,full_february,DAY_OF_WEEK
22/3/2020,ZWE,GADM,ZWE.10.4_1,Gweru,-0.0579,0.19203,full_february,DAY_OF_WEEK
23/3/2020,ZWE,GADM,ZWE.10.4_1,Gweru,-0.00829,0.12801,full_february,DAY_OF_WEEK
24/3/2020,ZWE,GADM,ZWE.10.4_1,Gweru,0.02684,0.15808,full_february,DAY_OF_WEEK
25/3/2020,ZWE,GADM,ZWE.10.4_1,Gweru,-0.03166,0.16546,full_february,DAY_OF_WEEK
26/3/2020,ZWE,GADM,ZWE.10.4_1,Gweru,-0.20499,0.21538,full_february,DAY_OF_WEEK
27/3/2020,ZWE,GADM,ZWE.10.4_1,Gweru,-0.22571,0.21228,full_february,DAY_OF_WEEK
28/3/2020,ZWE,GADM,ZWE.10.4_1,Gweru,-0.01461,0.19514,full_february,DAY_OF_WEEK
29/3/2020,ZWE,GADM,ZWE.10.4_1,Gweru,0.03279,0.19466,full_february,DAY_OF_WEEK
30/3/2020,ZWE,GADM,ZWE.10.4_1,Gweru,-0.45718,0.35588,full_february,DAY_OF_WEEK
31/3/2020,ZWE,GADM,ZWE.10.4_1,Gweru,-0.42891,0.3918,full_february,DAY_OF_WEEK
1/4/2020,ZWE,GADM,ZWE.10.4_1,Gweru,-0.42903,0.35424,full_february,DAY_OF_WEEK
2/4/2020,ZWE,GADM,ZWE.10.4_1,Gweru,-0.5236,0.42968,full_february,DAY_OF_WEEK
3/4/2020,ZWE,GADM,ZWE.10.4_1,Gweru,-0.44438,0.39498,full_february,DAY_OF_WEEK
4/4/2020,ZWE,GADM,ZWE.10.4_1,Gweru,-0.47983,0.40629,full_february,DAY_OF_WEEK
5/4/2020,ZWE,GADM,ZWE.10.4_1,Gweru,-0.43464,0.39402,full_february,DAY_OF_WEEK
6/4/2020,ZWE,GADM,ZWE.10.4_1,Gweru,-0.38258,0.37818,full_february,DAY_OF_WEEK
7/4/2020,ZWE,GADM,ZWE.10.4_1,Gweru,-0.35917,0.34772,full_february,DAY_OF_WEEK
8/4/2020,ZWE,GADM,ZWE.10.4_1,Gweru,-0.40498,0.37542,full_february,DAY_OF_WEEK
9/4/2020,ZWE,GADM,ZWE.10.4_1,Gweru,-0.38979,0.3877,full_february,DAY_OF_WEEK
10/4/2020,ZWE,GADM,ZWE.10.4_1,Gweru,-0.4115,0.38896,full_february,DAY_OF_WEEK
11/4/2020,ZWE,GADM,ZWE.10.4_1,Gweru,-0.37164,0.38442,full_february,DAY_OF_WEEK
12/4/2020,ZWE,GADM,ZWE.10.4_1,Gweru,-0.45737,0.41871,full_february,DAY_OF_WEEK
13/4/2020,ZWE,GADM,ZWE.10.4_1,Gweru,-0.46584,0.36593,full_february,DAY_OF_WEEK
14/4/2020,ZWE,GADM,ZWE.10.4_1,Gweru,-0.31422,0.34,full_february,DAY_OF_WEEK
15/4/2020,ZWE,GADM,ZWE.10.4_1,Gweru,-0.35121,0.38525,full_february,DAY_OF_WEEK
16/4/2020,ZWE,GADM,ZWE.10.4_1,Gweru,-0.38336,0.35735,full_february,DAY_OF_WEEK
17/4/2020,ZWE,GADM,ZWE.10.4_1,Gweru,-0.37194,0.34654,full_february,DAY_OF_WEEK
18/4/2020,ZWE,GADM,ZWE.10.4_1,Gweru,-0.34425,0.40644,full_february,DAY_OF_WEEK
19/4/2020,ZWE,GADM,ZWE.10.4_1,Gweru,-0.40202,0.42923,full_february,DAY_OF_WEEK
20/4/2020,ZWE,GADM,ZWE.10.4_1,Gweru,-0.27863,0.29307,full_february,DAY_OF_WEEK
21/4/2020,ZWE,GADM,ZWE.10.4_1,Gweru,-0.17833,0.29468,full_february,DAY_OF_WEEK
22/4/2020,ZWE,GADM,ZWE.10.4_1,Gweru,-0.22876,0.32977,full_february,DAY_OF_WEEK
23/4/2020,ZWE,GADM,ZWE.10.4_1,Gweru,-0.3556,0.34916,full_february,DAY_OF_WEEK
24/4/2020,ZWE,GADM,ZWE.10.4_1,Gweru,-0.25828,0.33285,full_february,DAY_OF_WEEK
25/4/2020,ZWE,GADM,ZWE.10.4_1,Gweru,-0.23359,0.28257,full_february,DAY_OF_WEEK
26/4/2020,ZWE,GADM,ZWE.10.4_1,Gweru,-0.28252,0.38245,full_february,DAY_OF_WEEK
27/4/2020,ZWE,GADM,ZWE.10.4_1,Gweru,-0.19041,0.2687,full_february,DAY_OF_WEEK
28/4/2020,ZWE,GADM,ZWE.10.4_1,Gweru,-0.17567,0.28468,full_february,DAY_OF_WEEK
29/4/2020,ZWE,GADM,ZWE.10.4_1,Gweru,-0.1471,0.29227,full_february,DAY_OF_WEEK
30/4/2020,ZWE,GADM,ZWE.10.4_1,Gweru,-0.24188,0.32966,full_february,DAY_OF_WEEK
1/5/2020,ZWE,GADM,ZWE.10.4_1,Gweru,-0.36941,0.34628,full_february,DAY_OF_WEEK
2/5/2020,ZWE,GADM,ZWE.10.4_1,Gweru,-0.28872,0.3291,full_february,DAY_OF_WEEK
3/5/2020,ZWE,GADM,ZWE.10.4_1,Gweru,-0.29379,0.36681,full_february,DAY_OF_WEEK
4/5/2020,ZWE,GADM,ZWE.10.4_1,Gweru,-0.21437,0.27374,full_february,DAY_OF_WEEK
5/5/2020,ZWE,GADM,ZWE.10.4_1,Gweru,-0.08637,0.27387,full_february,DAY_OF_WEEK
6/5/2020,ZWE,GADM,ZWE.10.4_1,Gweru,-0.1239,0.26827,full_february,DAY_OF_WEEK
7/5/2020,ZWE,GADM,ZWE.10.4_1,Gweru,-0.10181,0.26246,full_february,DAY_OF_WEEK
8/5/2020,ZWE,GADM,ZWE.10.4_1,Gweru,-0.00565,0.25357,full_february,DAY_OF_WEEK
9/5/2020,ZWE,GADM,ZWE.10.4_1,Gweru,-0.0874,0.2832,full_february,DAY_OF_WEEK
10/5/2020,ZWE,GADM,ZWE.10.4_1,Gweru,-0.12557,0.32155,full_february,DAY_OF_WEEK
11/5/2020,ZWE,GADM,ZWE.10.4_1,Gweru,-0.04009,0.23868,full_february,DAY_OF_WEEK
12/5/2020,ZWE,GADM,ZWE.10.4_1,Gweru,-0.02179,0.22069,full_february,DAY_OF_WEEK
13/5/2020,ZWE,GADM,ZWE.10.4_1,Gweru,0.02591,0.2031,full_february,DAY_OF_WEEK
14/5/2020,ZWE,GADM,ZWE.10.4_1,Gweru,-0.02641,0.23355,full_february,DAY_OF_WEEK
15/5/2020,ZWE,GADM,ZWE.10.4_1,Gweru,-0.01965,0.20299,full_february,DAY_OF_WEEK
16/5/2020,ZWE,GADM,ZWE.10.4_1,Gweru,0.05261,0.30001,full_february,DAY_OF_WEEK
17/5/2020,ZWE,GADM,ZWE.10.4_1,Gweru,-0.07615,0.30172,full_february,DAY_OF_WEEK
18/5/2020,ZWE,GADM,ZWE.10.4_1,Gweru,-0.04778,0.22933,full_february,DAY_OF_WEEK
19/5/2020,ZWE,GADM,ZWE.10.4_1,Gweru,0.0648,0.21518,full_february,DAY_OF_WEEK
20/5/2020,ZWE,GADM,ZWE.10.4_1,Gweru,0.06103,0.21451,full_february,DAY_OF_WEEK
21/5/2020,ZWE,GADM,ZWE.10.4_1,Gweru,-0.04499,0.25847,full_february,DAY_OF_WEEK
22/5/2020,ZWE,GADM,ZWE.10.4_1,Gweru,0.0098,0.20501,full_february,DAY_OF_WEEK
23/5/2020,ZWE,GADM,ZWE.10.4_1,Gweru,-0.00088,0.22293,full_february,DAY_OF_WEEK
24/5/2020,ZWE,GADM,ZWE.10.4_1,Gweru,-0.06013,0.25336,full_february,DAY_OF_WEEK
25/5/2020,ZWE,GADM,ZWE.10.4_1,Gweru,-0.06894,0.26338,full_february,DAY_OF_WEEK
26/5/2020,ZWE,GADM,ZWE.10.4_1,Gweru,0.13317,0.19413,full_february,DAY_OF_WEEK
27/5/2020,ZWE,GADM,ZWE.10.4_1,Gweru,0.16153,0.20006,full_february,DAY_OF_WEEK
28/5/2020,ZWE,GADM,ZWE.10.4_1,Gweru,0.16286,0.19207,full_february,DAY_OF_WEEK
29/5/2020,ZWE,GADM,ZWE.10.4_1,Gweru,0.0878,0.1879,full_february,DAY_OF_WEEK
30/5/2020,ZWE,GADM,ZWE.10.4_1,Gweru,0.19392,0.19177,full_february,DAY_OF_WEEK
31/5/2020,ZWE,GADM,ZWE.10.4_1,Gweru,-0.03669,0.2506,full_february,DAY_OF_WEEK
1/6/2020,ZWE,GADM,ZWE.10.4_1,Gweru,0.1181,0.15423,full_february,DAY_OF_WEEK
2/6/2020,ZWE,GADM,ZWE.10.4_1,Gweru,0.12751,0.16276,full_february,DAY_OF_WEEK
3/6/2020,ZWE,GADM,ZWE.10.4_1,Gweru,0.08321,0.16846,full_february,DAY_OF_WEEK
4/6/2020,ZWE,GADM,ZWE.10.4_1,Gweru,0.0192,0.18125,full_february,DAY_OF_WEEK
5/6/2020,ZWE,GADM,ZWE.10.4_1,Gweru,0.05602,0.19256,full_february,DAY_OF_WEEK
6/6/2020,ZWE,GADM,ZWE.10.4_1,Gweru,0.03869,0.25146,full_february,DAY_OF_WEEK
7/6/2020,ZWE,GADM,ZWE.10.4_1,Gweru,-0.02636,0.28668,full_february,DAY_OF_WEEK
8/6/2020,ZWE,GADM,ZWE.10.4_1,Gweru,0.08773,0.19646,full_february,DAY_OF_WEEK
9/6/2020,ZWE,GADM,ZWE.10.4_1,Gweru,0.06235,0.17193,full_february,DAY_OF_WEEK
10/6/2020,ZWE,GADM,ZWE.10.4_1,Gweru,0.15603,0.18042,full_february,DAY_OF_WEEK
11/6/2020,ZWE,GADM,ZWE.10.4_1,Gweru,0.06694,0.1803,full_february,DAY_OF_WEEK
12/6/2020,ZWE,GADM,ZWE.10.4_1,Gweru,0.08528,0.18609,full_february,DAY_OF_WEEK
13/6/2020,ZWE,GADM,ZWE.10.4_1,Gweru,0.04861,0.21997,full_february,DAY_OF_WEEK
14/6/2020,ZWE,GADM,ZWE.10.4_1,Gweru,-0.02042,0.25083,full_february,DAY_OF_WEEK
15/6/2020,ZWE,GADM,ZWE.10.4_1,Gweru,0.04171,0.17782,full_february,DAY_OF_WEEK
16/6/2020,ZWE,GADM,ZWE.10.4_1,Gweru,0.16515,0.18817,full_february,DAY_OF_WEEK
17/6/2020,ZWE,GADM,ZWE.10.4_1,Gweru,0.09973,0.17899,full_february,DAY_OF_WEEK
18/6/2020,ZWE,GADM,ZWE.10.4_1,Gweru,0.05035,0.20738,full_february,DAY_OF_WEEK
19/6/2020,ZWE,GADM,ZWE.10.4_1,Gweru,0.07312,0.20591,full_february,DAY_OF_WEEK
20/6/2020,ZWE,GADM,ZWE.10.4_1,Gweru,0.02448,0.22869,full_february,DAY_OF_WEEK
21/6/2020,ZWE,GADM,ZWE.10.4_1,Gweru,0.0303,0.25399,full_february,DAY_OF_WEEK
22/6/2020,ZWE,GADM,ZWE.10.4_1,Gweru,0.06687,0.1815,full_february,DAY_OF_WEEK
23/6/2020,ZWE,GADM,ZWE.10.4_1,Gweru,0.1264,0.20211,full_february,DAY_OF_WEEK
24/6/2020,ZWE,GADM,ZWE.10.4_1,Gweru,0.13034,0.20559,full_february,DAY_OF_WEEK
25/6/2020,ZWE,GADM,ZWE.10.4_1,Gweru,0.06762,0.20638,full_february,DAY_OF_WEEK
26/6/2020,ZWE,GADM,ZWE.10.4_1,Gweru,0.0441,0.22023,full_february,DAY_OF_WEEK
27/6/2020,ZWE,GADM,ZWE.10.4_1,Gweru,0.11208,0.23054,full_february,DAY_OF_WEEK
28/6/2020,ZWE,GADM,ZWE.10.4_1,Gweru,0.08977,0.21705,full_february,DAY_OF_WEEK
29/6/2020,ZWE,GADM,ZWE.10.4_1,Gweru,0.06344,0.16352,full_february,DAY_OF_WEEK
30/6/2020,ZWE,GADM,ZWE.10.4_1,Gweru,0.07668,0.20269,full_february,DAY_OF_WEEK
1/7/2020,ZWE,GADM,ZWE.10.4_1,Gweru,0.03745,0.17453,full_february,DAY_OF_WEEK
2/7/2020,ZWE,GADM,ZWE.10.4_1,Gweru,-0.06907,0.2162,full_february,DAY_OF_WEEK
3/7/2020,ZWE,GADM,ZWE.10.4_1,Gweru,0.05615,0.18749,full_february,DAY_OF_WEEK
4/7/2020,ZWE,GADM,ZWE.10.4_1,Gweru,0.06466,0.17807,full_february,DAY_OF_WEEK
5/7/2020,ZWE,GADM,ZWE.10.4_1,Gweru,0.11851,0.2289,full_february,DAY_OF_WEEK
6/7/2020,ZWE,GADM,ZWE.10.4_1,Gweru,0.03447,0.17859,full_february,DAY_OF_WEEK
7/7/2020,ZWE,GADM,ZWE.10.4_1,Gweru,-0.03389,0.16058,full_february,DAY_OF_WEEK
8/7/2020,ZWE,GADM,ZWE.10.4_1,Gweru,0.04399,0.18596,full_february,DAY_OF_WEEK
9/7/2020,ZWE,GADM,ZWE.10.4_1,Gweru,-0.15666,0.20676,full_february,DAY_OF_WEEK
10/7/2020,ZWE,GADM,ZWE.10.4_1,Gweru,0.11695,0.16194,full_february,DAY_OF_WEEK
1/3/2020,ZWE,GADM,ZWE.2.1_1,Harare,-0.1433,0.19118,full_february,DAY_OF_WEEK
2/3/2020,ZWE,GADM,ZWE.2.1_1,Harare,0.01591,0.12237,full_february,DAY_OF_WEEK
3/3/2020,ZWE,GADM,ZWE.2.1_1,Harare,-0.00843,0.12977,full_february,DAY_OF_WEEK
4/3/2020,ZWE,GADM,ZWE.2.1_1,Harare,-0.00872,0.12869,full_february,DAY_OF_WEEK
5/3/2020,ZWE,GADM,ZWE.2.1_1,Harare,-0.02755,0.12295,full_february,DAY_OF_WEEK
6/3/2020,ZWE,GADM,ZWE.2.1_1,Harare,-0.00824,0.12214,full_february,DAY_OF_WEEK
7/3/2020,ZWE,GADM,ZWE.2.1_1,Harare,0.01615,0.14681,full_february,DAY_OF_WEEK
8/3/2020,ZWE,GADM,ZWE.2.1_1,Harare,-0.04269,0.17611,full_february,DAY_OF_WEEK
9/3/2020,ZWE,GADM,ZWE.2.1_1,Harare,0.02044,0.12842,full_february,DAY_OF_WEEK
10/3/2020,ZWE,GADM,ZWE.2.1_1,Harare,0.01168,0.1283,full_february,DAY_OF_WEEK
11/3/2020,ZWE,GADM,ZWE.2.1_1,Harare,-0.00207,0.13481,full_february,DAY_OF_WEEK
12/3/2020,ZWE,GADM,ZWE.2.1_1,Harare,-0.02175,0.12902,full_february,DAY_OF_WEEK
13/3/2020,ZWE,GADM,ZWE.2.1_1,Harare,-0.01061,0.12207,full_february,DAY_OF_WEEK
14/3/2020,ZWE,GADM,ZWE.2.1_1,Harare,0.01874,0.14311,full_february,DAY_OF_WEEK
15/3/2020,ZWE,GADM,ZWE.2.1_1,Harare,-0.06523,0.17492,full_february,DAY_OF_WEEK
16/3/2020,ZWE,GADM,ZWE.2.1_1,Harare,-0.00928,0.13038,full_february,DAY_OF_WEEK
17/3/2020,ZWE,GADM,ZWE.2.1_1,Harare,-0.03098,0.13616,full_february,DAY_OF_WEEK
18/3/2020,ZWE,GADM,ZWE.2.1_1,Harare,-0.02006,0.13796,full_february,DAY_OF_WEEK
19/3/2020,ZWE,GADM,ZWE.2.1_1,Harare,-0.03689,0.13027,full_february,DAY_OF_WEEK
20/3/2020,ZWE,GADM,ZWE.2.1_1,Harare,-0.04244,0.14296,full_february,DAY_OF_WEEK
21/3/2020,ZWE,GADM,ZWE.2.1_1,Harare,-0.06008,0.16695,full_february,DAY_OF_WEEK
22/3/2020,ZWE,GADM,ZWE.2.1_1,Harare,-0.20079,0.22819,full_february,DAY_OF_WEEK
23/3/2020,ZWE,GADM,ZWE.2.1_1,Harare,-0.04605,0.15528,full_february,DAY_OF_WEEK
24/3/2020,ZWE,GADM,ZWE.2.1_1,Harare,-0.06895,0.17719,full_february,DAY_OF_WEEK
25/3/2020,ZWE,GADM,ZWE.2.1_1,Harare,-0.16938,0.22112,full_february,DAY_OF_WEEK
26/3/2020,ZWE,GADM,ZWE.2.1_1,Harare,-0.23048,0.23054,full_february,DAY_OF_WEEK
27/3/2020,ZWE,GADM,ZWE.2.1_1,Harare,-0.27478,0.25796,full_february,DAY_OF_WEEK
28/3/2020,ZWE,GADM,ZWE.2.1_1,Harare,-0.09293,0.22452,full_february,DAY_OF_WEEK
29/3/2020,ZWE,GADM,ZWE.2.1_1,Harare,-0.13971,0.2619,full_february,DAY_OF_WEEK
30/3/2020,ZWE,GADM,ZWE.2.1_1,Harare,-0.59277,0.45214,full_february,DAY_OF_WEEK
31/3/2020,ZWE,GADM,ZWE.2.1_1,Harare,-0.61834,0.46689,full_february,DAY_OF_WEEK
1/4/2020,ZWE,GADM,ZWE.2.1_1,Harare,-0.59778,0.44947,full_february,DAY_OF_WEEK
2/4/2020,ZWE,GADM,ZWE.2.1_1,Harare,-0.59214,0.44018,full_february,DAY_OF_WEEK
3/4/2020,ZWE,GADM,ZWE.2.1_1,Harare,-0.58134,0.42912,full_february,DAY_OF_WEEK
4/4/2020,ZWE,GADM,ZWE.2.1_1,Harare,-0.58704,0.44845,full_february,DAY_OF_WEEK
5/4/2020,ZWE,GADM,ZWE.2.1_1,Harare,-0.57271,0.45776,full_february,DAY_OF_WEEK
6/4/2020,ZWE,GADM,ZWE.2.1_1,Harare,-0.53148,0.40959,full_february,DAY_OF_WEEK
7/4/2020,ZWE,GADM,ZWE.2.1_1,Harare,-0.51803,0.40696,full_february,DAY_OF_WEEK
8/4/2020,ZWE,GADM,ZWE.2.1_1,Harare,-0.51914,0.39635,full_february,DAY_OF_WEEK
9/4/2020,ZWE,GADM,ZWE.2.1_1,Harare,-0.50771,0.38794,full_february,DAY_OF_WEEK
10/4/2020,ZWE,GADM,ZWE.2.1_1,Harare,-0.57857,0.43007,full_february,DAY_OF_WEEK
11/4/2020,ZWE,GADM,ZWE.2.1_1,Harare,-0.58436,0.43737,full_february,DAY_OF_WEEK
12/4/2020,ZWE,GADM,ZWE.2.1_1,Harare,-0.56914,0.45475,full_february,DAY_OF_WEEK
13/4/2020,ZWE,GADM,ZWE.2.1_1,Harare,-0.58593,0.44129,full_february,DAY_OF_WEEK
14/4/2020,ZWE,GADM,ZWE.2.1_1,Harare,-0.50933,0.38399,full_february,DAY_OF_WEEK
15/4/2020,ZWE,GADM,ZWE.2.1_1,Harare,-0.50506,0.39906,full_february,DAY_OF_WEEK
16/4/2020,ZWE,GADM,ZWE.2.1_1,Harare,-0.51943,0.39044,full_february,DAY_OF_WEEK
17/4/2020,ZWE,GADM,ZWE.2.1_1,Harare,-0.50485,0.38299,full_february,DAY_OF_WEEK
18/4/2020,ZWE,GADM,ZWE.2.1_1,Harare,-0.5213,0.4019,full_february,DAY_OF_WEEK
19/4/2020,ZWE,GADM,ZWE.2.1_1,Harare,-0.53353,0.43896,full_february,DAY_OF_WEEK
20/4/2020,ZWE,GADM,ZWE.2.1_1,Harare,-0.43657,0.34763,full_february,DAY_OF_WEEK
21/4/2020,ZWE,GADM,ZWE.2.1_1,Harare,-0.40075,0.33801,full_february,DAY_OF_WEEK
22/4/2020,ZWE,GADM,ZWE.2.1_1,Harare,-0.41132,0.33614,full_february,DAY_OF_WEEK
23/4/2020,ZWE,GADM,ZWE.2.1_1,Harare,-0.43441,0.34963,full_february,DAY_OF_WEEK
24/4/2020,ZWE,GADM,ZWE.2.1_1,Harare,-0.42482,0.34129,full_february,DAY_OF_WEEK
25/4/2020,ZWE,GADM,ZWE.2.1_1,Harare,-0.43372,0.35761,full_february,DAY_OF_WEEK
26/4/2020,ZWE,GADM,ZWE.2.1_1,Harare,-0.45634,0.39796,full_february,DAY_OF_WEEK
27/4/2020,ZWE,GADM,ZWE.2.1_1,Harare,-0.40199,0.33359,full_february,DAY_OF_WEEK
28/4/2020,ZWE,GADM,ZWE.2.1_1,Harare,-0.3677,0.32375,full_february,DAY_OF_WEEK
29/4/2020,ZWE,GADM,ZWE.2.1_1,Harare,-0.35898,0.32361,full_february,DAY_OF_WEEK
30/4/2020,ZWE,GADM,ZWE.2.1_1,Harare,-0.36139,0.31234,full_february,DAY_OF_WEEK
1/5/2020,ZWE,GADM,ZWE.2.1_1,Harare,-0.43909,0.34619,full_february,DAY_OF_WEEK
2/5/2020,ZWE,GADM,ZWE.2.1_1,Harare,-0.39159,0.33483,full_february,DAY_OF_WEEK
3/5/2020,ZWE,GADM,ZWE.2.1_1,Harare,-0.42186,0.37275,full_february,DAY_OF_WEEK
4/5/2020,ZWE,GADM,ZWE.2.1_1,Harare,-0.25658,0.27312,full_february,DAY_OF_WEEK
5/5/2020,ZWE,GADM,ZWE.2.1_1,Harare,-0.22342,0.26385,full_february,DAY_OF_WEEK
6/5/2020,ZWE,GADM,ZWE.2.1_1,Harare,-0.19688,0.2638,full_february,DAY_OF_WEEK
7/5/2020,ZWE,GADM,ZWE.2.1_1,Harare,-0.19765,0.2631,full_february,DAY_OF_WEEK
8/5/2020,ZWE,GADM,ZWE.2.1_1,Harare,-0.17753,0.25016,full_february,DAY_OF_WEEK
9/5/2020,ZWE,GADM,ZWE.2.1_1,Harare,-0.21269,0.28628,full_february,DAY_OF_WEEK
10/5/2020,ZWE,GADM,ZWE.2.1_1,Harare,-0.31936,0.32853,full_february,DAY_OF_WEEK
11/5/2020,ZWE,GADM,ZWE.2.1_1,Harare,-0.13868,0.24776,full_february,DAY_OF_WEEK
12/5/2020,ZWE,GADM,ZWE.2.1_1,Harare,-0.14533,0.24801,full_february,DAY_OF_WEEK
13/5/2020,ZWE,GADM,ZWE.2.1_1,Harare,-0.16712,0.24962,full_february,DAY_OF_WEEK
14/5/2020,ZWE,GADM,ZWE.2.1_1,Harare,-0.16824,0.25212,full_february,DAY_OF_WEEK
15/5/2020,ZWE,GADM,ZWE.2.1_1,Harare,-0.14716,0.23595,full_february,DAY_OF_WEEK
16/5/2020,ZWE,GADM,ZWE.2.1_1,Harare,-0.16791,0.26425,full_february,DAY_OF_WEEK
17/5/2020,ZWE,GADM,ZWE.2.1_1,Harare,-0.27054,0.31628,full_february,DAY_OF_WEEK
18/5/2020,ZWE,GADM,ZWE.2.1_1,Harare,-0.10252,0.23574,full_february,DAY_OF_WEEK
19/5/2020,ZWE,GADM,ZWE.2.1_1,Harare,-0.10871,0.23427,full_february,DAY_OF_WEEK
20/5/2020,ZWE,GADM,ZWE.2.1_1,Harare,-0.09169,0.2401,full_february,DAY_OF_WEEK
21/5/2020,ZWE,GADM,ZWE.2.1_1,Harare,-0.1265,0.23761,full_february,DAY_OF_WEEK
22/5/2020,ZWE,GADM,ZWE.2.1_1,Harare,-0.08256,0.22532,full_february,DAY_OF_WEEK
23/5/2020,ZWE,GADM,ZWE.2.1_1,Harare,-0.11669,0.24519,full_february,DAY_OF_WEEK
24/5/2020,ZWE,GADM,ZWE.2.1_1,Harare,-0.25137,0.3032,full_february,DAY_OF_WEEK
25/5/2020,ZWE,GADM,ZWE.2.1_1,Harare,-0.28506,0.2941,full_february,DAY_OF_WEEK
26/5/2020,ZWE,GADM,ZWE.2.1_1,Harare,-0.0553,0.21818,full_february,DAY_OF_WEEK
27/5/2020,ZWE,GADM,ZWE.2.1_1,Harare,-0.054,0.21501,full_february,DAY_OF_WEEK
28/5/2020,ZWE,GADM,ZWE.2.1_1,Harare,-0.07553,0.21612,full_february,DAY_OF_WEEK
29/5/2020,ZWE,GADM,ZWE.2.1_1,Harare,-0.04451,0.21295,full_february,DAY_OF_WEEK
30/5/2020,ZWE,GADM,ZWE.2.1_1,Harare,-0.05395,0.2331,full_february,DAY_OF_WEEK
31/5/2020,ZWE,GADM,ZWE.2.1_1,Harare,-0.19009,0.28897,full_february,DAY_OF_WEEK
1/6/2020,ZWE,GADM,ZWE.2.1_1,Harare,-0.03534,0.21149,full_february,DAY_OF_WEEK
2/6/2020,ZWE,GADM,ZWE.2.1_1,Harare,-0.1002,0.22718,full_february,DAY_OF_WEEK
3/6/2020,ZWE,GADM,ZWE.2.1_1,Harare,-0.1072,0.22905,full_february,DAY_OF_WEEK
4/6/2020,ZWE,GADM,ZWE.2.1_1,Harare,-0.08233,0.22035,full_february,DAY_OF_WEEK
5/6/2020,ZWE,GADM,ZWE.2.1_1,Harare,-0.04838,0.21029,full_february,DAY_OF_WEEK
6/6/2020,ZWE,GADM,ZWE.2.1_1,Harare,-0.08046,0.23692,full_february,DAY_OF_WEEK
7/6/2020,ZWE,GADM,ZWE.2.1_1,Harare,-0.20513,0.29,full_february,DAY_OF_WEEK
8/6/2020,ZWE,GADM,ZWE.2.1_1,Harare,-0.03213,0.20629,full_february,DAY_OF_WEEK
9/6/2020,ZWE,GADM,ZWE.2.1_1,Harare,-0.03099,0.21389,full_february,DAY_OF_WEEK
10/6/2020,ZWE,GADM,ZWE.2.1_1,Harare,-0.02555,0.21299,full_february,DAY_OF_WEEK
11/6/2020,ZWE,GADM,ZWE.2.1_1,Harare,-0.06656,0.21252,full_february,DAY_OF_WEEK
12/6/2020,ZWE,GADM,ZWE.2.1_1,Harare,-0.04525,0.20278,full_february,DAY_OF_WEEK
13/6/2020,ZWE,GADM,ZWE.2.1_1,Harare,-0.05739,0.22426,full_february,DAY_OF_WEEK
14/6/2020,ZWE,GADM,ZWE.2.1_1,Harare,-0.20166,0.28615,full_february,DAY_OF_WEEK
15/6/2020,ZWE,GADM,ZWE.2.1_1,Harare,-0.04881,0.21393,full_february,DAY_OF_WEEK
16/6/2020,ZWE,GADM,ZWE.2.1_1,Harare,-0.02592,0.20547,full_february,DAY_OF_WEEK
17/6/2020,ZWE,GADM,ZWE.2.1_1,Harare,-0.04669,0.21353,full_february,DAY_OF_WEEK
18/6/2020,ZWE,GADM,ZWE.2.1_1,Harare,-0.07701,0.21459,full_february,DAY_OF_WEEK
19/6/2020,ZWE,GADM,ZWE.2.1_1,Harare,-0.06215,0.20237,full_february,DAY_OF_WEEK
20/6/2020,ZWE,GADM,ZWE.2.1_1,Harare,-0.06685,0.23345,full_february,DAY_OF_WEEK
21/6/2020,ZWE,GADM,ZWE.2.1_1,Harare,-0.19293,0.27402,full_february,DAY_OF_WEEK
22/6/2020,ZWE,GADM,ZWE.2.1_1,Harare,-0.01487,0.20232,full_february,DAY_OF_WEEK
23/6/2020,ZWE,GADM,ZWE.2.1_1,Harare,-0.01363,0.20525,full_february,DAY_OF_WEEK
24/6/2020,ZWE,GADM,ZWE.2.1_1,Harare,-0.03103,0.20389,full_february,DAY_OF_WEEK
25/6/2020,ZWE,GADM,ZWE.2.1_1,Harare,-0.04433,0.20012,full_february,DAY_OF_WEEK
26/6/2020,ZWE,GADM,ZWE.2.1_1,Harare,-0.00139,0.18892,full_february,DAY_OF_WEEK
27/6/2020,ZWE,GADM,ZWE.2.1_1,Harare,-0.02695,0.21617,full_february,DAY_OF_WEEK
28/6/2020,ZWE,GADM,ZWE.2.1_1,Harare,-0.14629,0.25295,full_february,DAY_OF_WEEK
29/6/2020,ZWE,GADM,ZWE.2.1_1,Harare,0.00293,0.19002,full_february,DAY_OF_WEEK
30/6/2020,ZWE,GADM,ZWE.2.1_1,Harare,0.00755,0.18739,full_february,DAY_OF_WEEK
1/7/2020,ZWE,GADM,ZWE.2.1_1,Harare,0.02351,0.1832,full_february,DAY_OF_WEEK
2/7/2020,ZWE,GADM,ZWE.2.1_1,Harare,-0.02952,0.19519,full_february,DAY_OF_WEEK
3/7/2020,ZWE,GADM,ZWE.2.1_1,Harare,0.01886,0.18128,full_february,DAY_OF_WEEK
4/7/2020,ZWE,GADM,ZWE.2.1_1,Harare,0.03092,0.19798,full_february,DAY_OF_WEEK
5/7/2020,ZWE,GADM,ZWE.2.1_1,Harare,-0.13908,0.25188,full_february,DAY_OF_WEEK
6/7/2020,ZWE,GADM,ZWE.2.1_1,Harare,0.02895,0.19068,full_february,DAY_OF_WEEK
7/7/2020,ZWE,GADM,ZWE.2.1_1,Harare,0.01623,0.19094,full_february,DAY_OF_WEEK
8/7/2020,ZWE,GADM,ZWE.2.1_1,Harare,-0.01509,0.1916,full_february,DAY_OF_WEEK
9/7/2020,ZWE,GADM,ZWE.2.1_1,Harare,-0.0437,0.19518,full_february,DAY_OF_WEEK
10/7/2020,ZWE,GADM,ZWE.2.1_1,Harare,-0.00473,0.18108,full_february,DAY_OF_WEEK
1/3/2020,ZWE,GADM,ZWE.3.5_1,Mutare,0.11777,0.1908,full_february,DAY_OF_WEEK
2/3/2020,ZWE,GADM,ZWE.3.5_1,Mutare,0.02026,0.11237,full_february,DAY_OF_WEEK
3/3/2020,ZWE,GADM,ZWE.3.5_1,Mutare,-0.04899,0.13064,full_february,DAY_OF_WEEK
4/3/2020,ZWE,GADM,ZWE.3.5_1,Mutare,-0.03485,0.11309,full_february,DAY_OF_WEEK
5/3/2020,ZWE,GADM,ZWE.3.5_1,Mutare,-0.00261,0.11775,full_february,DAY_OF_WEEK
6/3/2020,ZWE,GADM,ZWE.3.5_1,Mutare,0.0874,0.12423,full_february,DAY_OF_WEEK
7/3/2020,ZWE,GADM,ZWE.3.5_1,Mutare,0.04198,0.15526,full_february,DAY_OF_WEEK
8/3/2020,ZWE,GADM,ZWE.3.5_1,Mutare,-0.03244,0.13502,full_february,DAY_OF_WEEK
9/3/2020,ZWE,GADM,ZWE.3.5_1,Mutare,-0.01412,0.12729,full_february,DAY_OF_WEEK
10/3/2020,ZWE,GADM,ZWE.3.5_1,Mutare,0.01847,0.135,full_february,DAY_OF_WEEK
11/3/2020,ZWE,GADM,ZWE.3.5_1,Mutare,-0.06726,0.15326,full_february,DAY_OF_WEEK
12/3/2020,ZWE,GADM,ZWE.3.5_1,Mutare,-0.06697,0.13107,full_february,DAY_OF_WEEK
13/3/2020,ZWE,GADM,ZWE.3.5_1,Mutare,-0.09259,0.14101,full_february,DAY_OF_WEEK
14/3/2020,ZWE,GADM,ZWE.3.5_1,Mutare,0.02414,0.15559,full_february,DAY_OF_WEEK
15/3/2020,ZWE,GADM,ZWE.3.5_1,Mutare,0.00805,0.16623,full_february,DAY_OF_WEEK
16/3/2020,ZWE,GADM,ZWE.3.5_1,Mutare,-0.05811,0.12208,full_february,DAY_OF_WEEK
17/3/2020,ZWE,GADM,ZWE.3.5_1,Mutare,-0.04924,0.11344,full_february,DAY_OF_WEEK
18/3/2020,ZWE,GADM,ZWE.3.5_1,Mutare,-0.12768,0.12678,full_february,DAY_OF_WEEK
19/3/2020,ZWE,GADM,ZWE.3.5_1,Mutare,-0.04377,0.10301,full_february,DAY_OF_WEEK
20/3/2020,ZWE,GADM,ZWE.3.5_1,Mutare,-0.06607,0.14364,full_february,DAY_OF_WEEK
21/3/2020,ZWE,GADM,ZWE.3.5_1,Mutare,-0.058,0.15504,full_february,DAY_OF_WEEK
22/3/2020,ZWE,GADM,ZWE.3.5_1,Mutare,-0.04092,0.17084,full_february,DAY_OF_WEEK
23/3/2020,ZWE,GADM,ZWE.3.5_1,Mutare,-0.01207,0.1331,full_february,DAY_OF_WEEK
24/3/2020,ZWE,GADM,ZWE.3.5_1,Mutare,-0.06842,0.134,full_february,DAY_OF_WEEK
25/3/2020,ZWE,GADM,ZWE.3.5_1,Mutare,-0.07643,0.16385,full_february,DAY_OF_WEEK
26/3/2020,ZWE,GADM,ZWE.3.5_1,Mutare,-0.14806,0.19755,full_february,DAY_OF_WEEK
27/3/2020,ZWE,GADM,ZWE.3.5_1,Mutare,-0.19638,0.21826,full_february,DAY_OF_WEEK
28/3/2020,ZWE,GADM,ZWE.3.5_1,Mutare,-0.10344,0.18515,full_february,DAY_OF_WEEK
29/3/2020,ZWE,GADM,ZWE.3.5_1,Mutare,-0.02773,0.2059,full_february,DAY_OF_WEEK
30/3/2020,ZWE,GADM,ZWE.3.5_1,Mutare,-0.40129,0.34187,full_february,DAY_OF_WEEK
31/3/2020,ZWE,GADM,ZWE.3.5_1,Mutare,-0.46178,0.36326,full_february,DAY_OF_WEEK
1/4/2020,ZWE,GADM,ZWE.3.5_1,Mutare,-0.40444,0.34423,full_february,DAY_OF_WEEK
2/4/2020,ZWE,GADM,ZWE.3.5_1,Mutare,-0.39824,0.32977,full_february,DAY_OF_WEEK
3/4/2020,ZWE,GADM,ZWE.3.5_1,Mutare,-0.44772,0.35203,full_february,DAY_OF_WEEK
4/4/2020,ZWE,GADM,ZWE.3.5_1,Mutare,-0.43921,0.37509,full_february,DAY_OF_WEEK
5/4/2020,ZWE,GADM,ZWE.3.5_1,Mutare,-0.44073,0.36411,full_february,DAY_OF_WEEK
6/4/2020,ZWE,GADM,ZWE.3.5_1,Mutare,-0.39379,0.3132,full_february,DAY_OF_WEEK
7/4/2020,ZWE,GADM,ZWE.3.5_1,Mutare,-0.36085,0.29361,full_february,DAY_OF_WEEK
8/4/2020,ZWE,GADM,ZWE.3.5_1,Mutare,-0.34453,0.29788,full_february,DAY_OF_WEEK
9/4/2020,ZWE,GADM,ZWE.3.5_1,Mutare,-0.41568,0.31921,full_february,DAY_OF_WEEK
10/4/2020,ZWE,GADM,ZWE.3.5_1,Mutare,-0.42294,0.3262,full_february,DAY_OF_WEEK
11/4/2020,ZWE,GADM,ZWE.3.5_1,Mutare,-0.39606,0.31732,full_february,DAY_OF_WEEK
12/4/2020,ZWE,GADM,ZWE.3.5_1,Mutare,-0.3888,0.40312,full_february,DAY_OF_WEEK
13/4/2020,ZWE,GADM,ZWE.3.5_1,Mutare,-0.37591,0.377,full_february,DAY_OF_WEEK
14/4/2020,ZWE,GADM,ZWE.3.5_1,Mutare,-0.30488,0.29418,full_february,DAY_OF_WEEK
15/4/2020,ZWE,GADM,ZWE.3.5_1,Mutare,-0.40277,0.34647,full_february,DAY_OF_WEEK
16/4/2020,ZWE,GADM,ZWE.3.5_1,Mutare,-0.36423,0.31754,full_february,DAY_OF_WEEK
17/4/2020,ZWE,GADM,ZWE.3.5_1,Mutare,-0.37423,0.31652,full_february,DAY_OF_WEEK
18/4/2020,ZWE,GADM,ZWE.3.5_1,Mutare,-0.39408,0.34716,full_february,DAY_OF_WEEK
19/4/2020,ZWE,GADM,ZWE.3.5_1,Mutare,-0.39193,0.36412,full_february,DAY_OF_WEEK
20/4/2020,ZWE,GADM,ZWE.3.5_1,Mutare,-0.26776,0.31438,full_february,DAY_OF_WEEK
21/4/2020,ZWE,GADM,ZWE.3.5_1,Mutare,-0.2383,0.25833,full_february,DAY_OF_WEEK
22/4/2020,ZWE,GADM,ZWE.3.5_1,Mutare,-0.32914,0.27994,full_february,DAY_OF_WEEK
23/4/2020,ZWE,GADM,ZWE.3.5_1,Mutare,-0.29682,0.27109,full_february,DAY_OF_WEEK
24/4/2020,ZWE,GADM,ZWE.3.5_1,Mutare,-0.2652,0.28457,full_february,DAY_OF_WEEK
25/4/2020,ZWE,GADM,ZWE.3.5_1,Mutare,-0.34096,0.2958,full_february,DAY_OF_WEEK
26/4/2020,ZWE,GADM,ZWE.3.5_1,Mutare,-0.33552,0.34379,full_february,DAY_OF_WEEK
27/4/2020,ZWE,GADM,ZWE.3.5_1,Mutare,-0.3263,0.27854,full_february,DAY_OF_WEEK
28/4/2020,ZWE,GADM,ZWE.3.5_1,Mutare,-0.21422,0.23521,full_february,DAY_OF_WEEK
29/4/2020,ZWE,GADM,ZWE.3.5_1,Mutare,-0.23858,0.28547,full_february,DAY_OF_WEEK
30/4/2020,ZWE,GADM,ZWE.3.5_1,Mutare,-0.26522,0.26106,full_february,DAY_OF_WEEK
1/5/2020,ZWE,GADM,ZWE.3.5_1,Mutare,-0.30876,0.31418,full_february,DAY_OF_WEEK
2/5/2020,ZWE,GADM,ZWE.3.5_1,Mutare,-0.34144,0.29462,full_february,DAY_OF_WEEK
3/5/2020,ZWE,GADM,ZWE.3.5_1,Mutare,-0.29691,0.31996,full_february,DAY_OF_WEEK
4/5/2020,ZWE,GADM,ZWE.3.5_1,Mutare,-0.1681,0.29496,full_february,DAY_OF_WEEK
5/5/2020,ZWE,GADM,ZWE.3.5_1,Mutare,-0.21297,0.2579,full_february,DAY_OF_WEEK
6/5/2020,ZWE,GADM,ZWE.3.5_1,Mutare,-0.13405,0.27115,full_february,DAY_OF_WEEK
7/5/2020,ZWE,GADM,ZWE.3.5_1,Mutare,-0.18409,0.236,full_february,DAY_OF_WEEK
8/5/2020,ZWE,GADM,ZWE.3.5_1,Mutare,-0.1844,0.22257,full_february,DAY_OF_WEEK
9/5/2020,ZWE,GADM,ZWE.3.5_1,Mutare,-0.17717,0.24092,full_february,DAY_OF_WEEK
10/5/2020,ZWE,GADM,ZWE.3.5_1,Mutare,-0.15238,0.26247,full_february,DAY_OF_WEEK
11/5/2020,ZWE,GADM,ZWE.3.5_1,Mutare,-0.08408,0.22075,full_february,DAY_OF_WEEK
12/5/2020,ZWE,GADM,ZWE.3.5_1,Mutare,-0.08026,0.21302,full_february,DAY_OF_WEEK
13/5/2020,ZWE,GADM,ZWE.3.5_1,Mutare,-0.19757,0.23183,full_february,DAY_OF_WEEK
14/5/2020,ZWE,GADM,ZWE.3.5_1,Mutare,-0.13947,0.23815,full_february,DAY_OF_WEEK
15/5/2020,ZWE,GADM,ZWE.3.5_1,Mutare,-0.13267,0.23684,full_february,DAY_OF_WEEK
16/5/2020,ZWE,GADM,ZWE.3.5_1,Mutare,-0.13043,0.23494,full_february,DAY_OF_WEEK
17/5/2020,ZWE,GADM,ZWE.3.5_1,Mutare,-0.12302,0.26485,full_february,DAY_OF_WEEK
18/5/2020,ZWE,GADM,ZWE.3.5_1,Mutare,-0.02113,0.20639,full_february,DAY_OF_WEEK
19/5/2020,ZWE,GADM,ZWE.3.5_1,Mutare,-0.0644,0.21588,full_february,DAY_OF_WEEK
20/5/2020,ZWE,GADM,ZWE.3.5_1,Mutare,-0.08687,0.20709,full_february,DAY_OF_WEEK
21/5/2020,ZWE,GADM,ZWE.3.5_1,Mutare,-0.08266,0.18332,full_february,DAY_OF_WEEK
22/5/2020,ZWE,GADM,ZWE.3.5_1,Mutare,-0.07743,0.22379,full_february,DAY_OF_WEEK
23/5/2020,ZWE,GADM,ZWE.3.5_1,Mutare,-0.10602,0.23661,full_february,DAY_OF_WEEK
24/5/2020,ZWE,GADM,ZWE.3.5_1,Mutare,-0.09114,0.25949,full_february,DAY_OF_WEEK
25/5/2020,ZWE,GADM,ZWE.3.5_1,Mutare,-0.3066,0.26024,full_february,DAY_OF_WEEK
26/5/2020,ZWE,GADM,ZWE.3.5_1,Mutare,-0.06545,0.20838,full_february,DAY_OF_WEEK
27/5/2020,ZWE,GADM,ZWE.3.5_1,Mutare,-0.02707,0.2099,full_february,DAY_OF_WEEK
28/5/2020,ZWE,GADM,ZWE.3.5_1,Mutare,-0.06259,0.20092,full_february,DAY_OF_WEEK
29/5/2020,ZWE,GADM,ZWE.3.5_1,Mutare,-0.11068,0.2397,full_february,DAY_OF_WEEK
30/5/2020,ZWE,GADM,ZWE.3.5_1,Mutare,-0.0553,0.22594,full_february,DAY_OF_WEEK
31/5/2020,ZWE,GADM,ZWE.3.5_1,Mutare,-0.10281,0.22887,full_february,DAY_OF_WEEK
1/6/2020,ZWE,GADM,ZWE.3.5_1,Mutare,0.02914,0.17732,full_february,DAY_OF_WEEK
2/6/2020,ZWE,GADM,ZWE.3.5_1,Mutare,-0.0175,0.20388,full_february,DAY_OF_WEEK
3/6/2020,ZWE,GADM,ZWE.3.5_1,Mutare,-0.04264,0.20904,full_february,DAY_OF_WEEK
4/6/2020,ZWE,GADM,ZWE.3.5_1,Mutare,-0.05727,0.20269,full_february,DAY_OF_WEEK
5/6/2020,ZWE,GADM,ZWE.3.5_1,Mutare,-0.0228,0.14177,full_february,DAY_OF_WEEK
6/6/2020,ZWE,GADM,ZWE.3.5_1,Mutare,0.04065,0.18887,full_february,DAY_OF_WEEK
7/6/2020,ZWE,GADM,ZWE.3.5_1,Mutare,-0.02034,0.23518,full_february,DAY_OF_WEEK
8/6/2020,ZWE,GADM,ZWE.3.5_1,Mutare,0.02961,0.16962,full_february,DAY_OF_WEEK
9/6/2020,ZWE,GADM,ZWE.3.5_1,Mutare,-0.02788,0.17448,full_february,DAY_OF_WEEK
10/6/2020,ZWE,GADM,ZWE.3.5_1,Mutare,0.02261,0.20513,full_february,DAY_OF_WEEK
11/6/2020,ZWE,GADM,ZWE.3.5_1,Mutare,-0.09072,0.17447,full_february,DAY_OF_WEEK
12/6/2020,ZWE,GADM,ZWE.3.5_1,Mutare,-0.06064,0.21063,full_february,DAY_OF_WEEK
13/6/2020,ZWE,GADM,ZWE.3.5_1,Mutare,-0.01843,0.27216,full_february,DAY_OF_WEEK
14/6/2020,ZWE,GADM,ZWE.3.5_1,Mutare,-0.21781,0.27226,full_february,DAY_OF_WEEK
15/6/2020,ZWE,GADM,ZWE.3.5_1,Mutare,0.05327,0.21313,full_february,DAY_OF_WEEK
16/6/2020,ZWE,GADM,ZWE.3.5_1,Mutare,-0.06282,0.18239,full_february,DAY_OF_WEEK
17/6/2020,ZWE,GADM,ZWE.3.5_1,Mutare,0.00228,0.23955,full_february,DAY_OF_WEEK
18/6/2020,ZWE,GADM,ZWE.3.5_1,Mutare,-0.22251,0.25516,full_february,DAY_OF_WEEK
19/6/2020,ZWE,GADM,ZWE.3.5_1,Mutare,-0.09835,0.19839,full_february,DAY_OF_WEEK
20/6/2020,ZWE,GADM,ZWE.3.5_1,Mutare,-0.08634,0.2556,full_february,DAY_OF_WEEK
21/6/2020,ZWE,GADM,ZWE.3.5_1,Mutare,-0.10121,0.26822,full_february,DAY_OF_WEEK
22/6/2020,ZWE,GADM,ZWE.3.5_1,Mutare,0.05861,0.18951,full_february,DAY_OF_WEEK
23/6/2020,ZWE,GADM,ZWE.3.5_1,Mutare,0.07023,0.2143,full_february,DAY_OF_WEEK
24/6/2020,ZWE,GADM,ZWE.3.5_1,Mutare,-0.00182,0.18599,full_february,DAY_OF_WEEK
25/6/2020,ZWE,GADM,ZWE.3.5_1,Mutare,0.02331,0.19829,full_february,DAY_OF_WEEK
26/6/2020,ZWE,GADM,ZWE.3.5_1,Mutare,-0.03545,0.18423,full_february,DAY_OF_WEEK
27/6/2020,ZWE,GADM,ZWE.3.5_1,Mutare,-0.02394,0.20061,full_february,DAY_OF_WEEK
28/6/2020,ZWE,GADM,ZWE.3.5_1,Mutare,-0.01989,0.22398,full_february,DAY_OF_WEEK
29/6/2020,ZWE,GADM,ZWE.3.5_1,Mutare,0.07453,0.16661,full_february,DAY_OF_WEEK
30/6/2020,ZWE,GADM,ZWE.3.5_1,Mutare,0.05998,0.1782,full_february,DAY_OF_WEEK
1/7/2020,ZWE,GADM,ZWE.3.5_1,Mutare,0.00012,0.20899,full_february,DAY_OF_WEEK
2/7/2020,ZWE,GADM,ZWE.3.5_1,Mutare,-0.01261,0.19672,full_february,DAY_OF_WEEK
3/7/2020,ZWE,GADM,ZWE.3.5_1,Mutare,-0.07752,0.19989,full_february,DAY_OF_WEEK
4/7/2020,ZWE,GADM,ZWE.3.5_1,Mutare,0.06673,0.20224,full_february,DAY_OF_WEEK
5/7/2020,ZWE,GADM,ZWE.3.5_1,Mutare,-0.08569,0.23397,full_february,DAY_OF_WEEK
6/7/2020,ZWE,GADM,ZWE.3.5_1,Mutare,-0.02065,0.20452,full_february,DAY_OF_WEEK
7/7/2020,ZWE,GADM,ZWE.3.5_1,Mutare,-0.00384,0.18091,full_february,DAY_OF_WEEK
8/7/2020,ZWE,GADM,ZWE.3.5_1,Mutare,-0.03347,0.17907,full_february,DAY_OF_WEEK
9/7/2020,ZWE,GADM,ZWE.3.5_1,Mutare,-0.10183,0.19513,full_february,DAY_OF_WEEK
10/7/2020,ZWE,GADM,ZWE.3.5_1,Mutare,-0.02977,0.20026,full_february,DAY_OF_WEEK
1/3/2020,ZWE,GADM,ZWE.5.2_1,Goromonzi,-0.19639,0.21309,full_february,DAY_OF_WEEK
2/3/2020,ZWE,GADM,ZWE.5.2_1,Goromonzi,0.03478,0.11739,full_february,DAY_OF_WEEK
3/3/2020,ZWE,GADM,ZWE.5.2_1,Goromonzi,-0.11112,0.1274,full_february,DAY_OF_WEEK
4/3/2020,ZWE,GADM,ZWE.5.2_1,Goromonzi,-0.01535,0.12072,full_february,DAY_OF_WEEK
5/3/2020,ZWE,GADM,ZWE.5.2_1,Goromonzi,-0.09522,0.0971,full_february,DAY_OF_WEEK
6/3/2020,ZWE,GADM,ZWE.5.2_1,Goromonzi,0.02979,0.10502,full_february,DAY_OF_WEEK
9/3/2020,ZWE,GADM,ZWE.5.2_1,Goromonzi,0.08192,0.11742,full_february,DAY_OF_WEEK
10/3/2020,ZWE,GADM,ZWE.5.2_1,Goromonzi,-0.01874,0.12613,full_february,DAY_OF_WEEK
11/3/2020,ZWE,GADM,ZWE.5.2_1,Goromonzi,0.07484,0.10927,full_february,DAY_OF_WEEK
12/3/2020,ZWE,GADM,ZWE.5.2_1,Goromonzi,-0.03371,0.10253,full_february,DAY_OF_WEEK
13/3/2020,ZWE,GADM,ZWE.5.2_1,Goromonzi,0.03805,0.09792,full_february,DAY_OF_WEEK
14/3/2020,ZWE,GADM,ZWE.5.2_1,Goromonzi,0.03269,0.14246,full_february,DAY_OF_WEEK
15/3/2020,ZWE,GADM,ZWE.5.2_1,Goromonzi,-0.10103,0.17523,full_february,DAY_OF_WEEK
16/3/2020,ZWE,GADM,ZWE.5.2_1,Goromonzi,-0.02429,0.12247,full_february,DAY_OF_WEEK
17/3/2020,ZWE,GADM,ZWE.5.2_1,Goromonzi,0.05453,0.11213,full_february,DAY_OF_WEEK
18/3/2020,ZWE,GADM,ZWE.5.2_1,Goromonzi,0.03956,0.12928,full_february,DAY_OF_WEEK
19/3/2020,ZWE,GADM,ZWE.5.2_1,Goromonzi,-0.01292,0.12856,full_february,DAY_OF_WEEK
20/3/2020,ZWE,GADM,ZWE.5.2_1,Goromonzi,-0.04303,0.14437,full_february,DAY_OF_WEEK
21/3/2020,ZWE,GADM,ZWE.5.2_1,Goromonzi,-0.05644,0.15594,full_february,DAY_OF_WEEK
23/3/2020,ZWE,GADM,ZWE.5.2_1,Goromonzi,-0.11097,0.1426,full_february,DAY_OF_WEEK
24/3/2020,ZWE,GADM,ZWE.5.2_1,Goromonzi,0.00639,0.17277,full_february,DAY_OF_WEEK
25/3/2020,ZWE,GADM,ZWE.5.2_1,Goromonzi,-0.1927,0.1939,full_february,DAY_OF_WEEK
26/3/2020,ZWE,GADM,ZWE.5.2_1,Goromonzi,-0.26586,0.21098,full_february,DAY_OF_WEEK
27/3/2020,ZWE,GADM,ZWE.5.2_1,Goromonzi,-0.24894,0.23756,full_february,DAY_OF_WEEK
28/3/2020,ZWE,GADM,ZWE.5.2_1,Goromonzi,-0.06727,0.23724,full_february,DAY_OF_WEEK
29/3/2020,ZWE,GADM,ZWE.5.2_1,Goromonzi,-0.12573,0.28069,full_february,DAY_OF_WEEK
30/3/2020,ZWE,GADM,ZWE.5.2_1,Goromonzi,-0.66787,0.43466,full_february,DAY_OF_WEEK
31/3/2020,ZWE,GADM,ZWE.5.2_1,Goromonzi,-0.68211,0.49337,full_february,DAY_OF_WEEK
1/4/2020,ZWE,GADM,ZWE.5.2_1,Goromonzi,-0.66476,0.48099,full_february,DAY_OF_WEEK
2/4/2020,ZWE,GADM,ZWE.5.2_1,Goromonzi,-0.65742,0.45619,full_february,DAY_OF_WEEK
3/4/2020,ZWE,GADM,ZWE.5.2_1,Goromonzi,-0.63966,0.50372,full_february,DAY_OF_WEEK
4/4/2020,ZWE,GADM,ZWE.5.2_1,Goromonzi,-0.58733,0.41932,full_february,DAY_OF_WEEK
5/4/2020,ZWE,GADM,ZWE.5.2_1,Goromonzi,-0.5561,0.46337,full_february,DAY_OF_WEEK
6/4/2020,ZWE,GADM,ZWE.5.2_1,Goromonzi,-0.57335,0.41366,full_february,DAY_OF_WEEK
7/4/2020,ZWE,GADM,ZWE.5.2_1,Goromonzi,-0.53431,0.4328,full_february,DAY_OF_WEEK
8/4/2020,ZWE,GADM,ZWE.5.2_1,Goromonzi,-0.65001,0.42386,full_february,DAY_OF_WEEK
9/4/2020,ZWE,GADM,ZWE.5.2_1,Goromonzi,-0.62384,0.45729,full_february,DAY_OF_WEEK
10/4/2020,ZWE,GADM,ZWE.5.2_1,Goromonzi,-0.64049,0.45639,full_february,DAY_OF_WEEK
11/4/2020,ZWE,GADM,ZWE.5.2_1,Goromonzi,-0.61097,0.43508,full_february,DAY_OF_WEEK
12/4/2020,ZWE,GADM,ZWE.5.2_1,Goromonzi,-0.56759,0.44471,full_february,DAY_OF_WEEK
13/4/2020,ZWE,GADM,ZWE.5.2_1,Goromonzi,-0.63232,0.45373,full_february,DAY_OF_WEEK
14/4/2020,ZWE,GADM,ZWE.5.2_1,Goromonzi,-0.47057,0.41159,full_february,DAY_OF_WEEK
15/4/2020,ZWE,GADM,ZWE.5.2_1,Goromonzi,-0.59571,0.38845,full_february,DAY_OF_WEEK
16/4/2020,ZWE,GADM,ZWE.5.2_1,Goromonzi,-0.631,0.4069,full_february,DAY_OF_WEEK
17/4/2020,ZWE,GADM,ZWE.5.2_1,Goromonzi,-0.55395,0.40856,full_february,DAY_OF_WEEK
18/4/2020,ZWE,GADM,ZWE.5.2_1,Goromonzi,-0.52201,0.39855,full_february,DAY_OF_WEEK
19/4/2020,ZWE,GADM,ZWE.5.2_1,Goromonzi,-0.54635,0.45846,full_february,DAY_OF_WEEK
20/4/2020,ZWE,GADM,ZWE.5.2_1,Goromonzi,-0.53539,0.36343,full_february,DAY_OF_WEEK
21/4/2020,ZWE,GADM,ZWE.5.2_1,Goromonzi,-0.40568,0.31356,full_february,DAY_OF_WEEK
22/4/2020,ZWE,GADM,ZWE.5.2_1,Goromonzi,-0.50189,0.33229,full_february,DAY_OF_WEEK
23/4/2020,ZWE,GADM,ZWE.5.2_1,Goromonzi,-0.5304,0.34944,full_february,DAY_OF_WEEK
24/4/2020,ZWE,GADM,ZWE.5.2_1,Goromonzi,-0.56088,0.33858,full_february,DAY_OF_WEEK
25/4/2020,ZWE,GADM,ZWE.5.2_1,Goromonzi,-0.32053,0.37456,full_february,DAY_OF_WEEK
26/4/2020,ZWE,GADM,ZWE.5.2_1,Goromonzi,-0.48828,0.40872,full_february,DAY_OF_WEEK
27/4/2020,ZWE,GADM,ZWE.5.2_1,Goromonzi,-0.4973,0.33209,full_february,DAY_OF_WEEK
28/4/2020,ZWE,GADM,ZWE.5.2_1,Goromonzi,-0.40925,0.35534,full_february,DAY_OF_WEEK
29/4/2020,ZWE,GADM,ZWE.5.2_1,Goromonzi,-0.43747,0.37756,full_february,DAY_OF_WEEK
30/4/2020,ZWE,GADM,ZWE.5.2_1,Goromonzi,-0.41551,0.31783,full_february,DAY_OF_WEEK
1/5/2020,ZWE,GADM,ZWE.5.2_1,Goromonzi,-0.53761,0.38557,full_february,DAY_OF_WEEK
2/5/2020,ZWE,GADM,ZWE.5.2_1,Goromonzi,-0.42318,0.34618,full_february,DAY_OF_WEEK
3/5/2020,ZWE,GADM,ZWE.5.2_1,Goromonzi,-0.44482,0.37992,full_february,DAY_OF_WEEK
4/5/2020,ZWE,GADM,ZWE.5.2_1,Goromonzi,-0.24322,0.27081,full_february,DAY_OF_WEEK
5/5/2020,ZWE,GADM,ZWE.5.2_1,Goromonzi,-0.20822,0.29871,full_february,DAY_OF_WEEK
6/5/2020,ZWE,GADM,ZWE.5.2_1,Goromonzi,-0.1962,0.26582,full_february,DAY_OF_WEEK
7/5/2020,ZWE,GADM,ZWE.5.2_1,Goromonzi,-0.20678,0.24257,full_february,DAY_OF_WEEK
8/5/2020,ZWE,GADM,ZWE.5.2_1,Goromonzi,-0.19844,0.22557,full_february,DAY_OF_WEEK
9/5/2020,ZWE,GADM,ZWE.5.2_1,Goromonzi,-0.23302,0.2788,full_february,DAY_OF_WEEK
10/5/2020,ZWE,GADM,ZWE.5.2_1,Goromonzi,-0.34089,0.38453,full_february,DAY_OF_WEEK
11/5/2020,ZWE,GADM,ZWE.5.2_1,Goromonzi,-0.18384,0.25666,full_february,DAY_OF_WEEK
12/5/2020,ZWE,GADM,ZWE.5.2_1,Goromonzi,-0.15862,0.23702,full_february,DAY_OF_WEEK
13/5/2020,ZWE,GADM,ZWE.5.2_1,Goromonzi,-0.17251,0.2503,full_february,DAY_OF_WEEK
14/5/2020,ZWE,GADM,ZWE.5.2_1,Goromonzi,-0.2654,0.21384,full_february,DAY_OF_WEEK
15/5/2020,ZWE,GADM,ZWE.5.2_1,Goromonzi,-0.1753,0.23012,full_february,DAY_OF_WEEK
16/5/2020,ZWE,GADM,ZWE.5.2_1,Goromonzi,-0.22479,0.27833,full_february,DAY_OF_WEEK
17/5/2020,ZWE,GADM,ZWE.5.2_1,Goromonzi,-0.2474,0.30266,full_february,DAY_OF_WEEK
18/5/2020,ZWE,GADM,ZWE.5.2_1,Goromonzi,-0.07897,0.20759,full_february,DAY_OF_WEEK
19/5/2020,ZWE,GADM,ZWE.5.2_1,Goromonzi,-0.15912,0.22007,full_february,DAY_OF_WEEK
20/5/2020,ZWE,GADM,ZWE.5.2_1,Goromonzi,-0.10228,0.23657,full_february,DAY_OF_WEEK
21/5/2020,ZWE,GADM,ZWE.5.2_1,Goromonzi,-0.1635,0.25048,full_february,DAY_OF_WEEK
22/5/2020,ZWE,GADM,ZWE.5.2_1,Goromonzi,-0.11298,0.20962,full_february,DAY_OF_WEEK
23/5/2020,ZWE,GADM,ZWE.5.2_1,Goromonzi,-0.08412,0.28051,full_february,DAY_OF_WEEK
24/5/2020,ZWE,GADM,ZWE.5.2_1,Goromonzi,-0.22826,0.31345,full_february,DAY_OF_WEEK
25/5/2020,ZWE,GADM,ZWE.5.2_1,Goromonzi,-0.34262,0.28138,full_february,DAY_OF_WEEK
26/5/2020,ZWE,GADM,ZWE.5.2_1,Goromonzi,-0.0964,0.23759,full_february,DAY_OF_WEEK
27/5/2020,ZWE,GADM,ZWE.5.2_1,Goromonzi,-0.12119,0.21665,full_february,DAY_OF_WEEK
28/5/2020,ZWE,GADM,ZWE.5.2_1,Goromonzi,-0.1588,0.21078,full_february,DAY_OF_WEEK
29/5/2020,ZWE,GADM,ZWE.5.2_1,Goromonzi,-0.02342,0.19886,full_february,DAY_OF_WEEK
30/5/2020,ZWE,GADM,ZWE.5.2_1,Goromonzi,-0.09802,0.23205,full_february,DAY_OF_WEEK
31/5/2020,ZWE,GADM,ZWE.5.2_1,Goromonzi,-0.23779,0.28608,full_february,DAY_OF_WEEK
1/6/2020,ZWE,GADM,ZWE.5.2_1,Goromonzi,-0.06398,0.20687,full_february,DAY_OF_WEEK
2/6/2020,ZWE,GADM,ZWE.5.2_1,Goromonzi,-0.17783,0.23356,full_february,DAY_OF_WEEK
3/6/2020,ZWE,GADM,ZWE.5.2_1,Goromonzi,-0.07458,0.26449,full_february,DAY_OF_WEEK
4/6/2020,ZWE,GADM,ZWE.5.2_1,Goromonzi,-0.08674,0.23642,full_february,DAY_OF_WEEK
5/6/2020,ZWE,GADM,ZWE.5.2_1,Goromonzi,-0.119,0.22052,full_february,DAY_OF_WEEK
6/6/2020,ZWE,GADM,ZWE.5.2_1,Goromonzi,-0.06499,0.21919,full_february,DAY_OF_WEEK
7/6/2020,ZWE,GADM,ZWE.5.2_1,Goromonzi,-0.27284,0.2968,full_february,DAY_OF_WEEK
8/6/2020,ZWE,GADM,ZWE.5.2_1,Goromonzi,-0.0719,0.19407,full_february,DAY_OF_WEEK
9/6/2020,ZWE,GADM,ZWE.5.2_1,Goromonzi,-0.14133,0.21682,full_february,DAY_OF_WEEK
10/6/2020,ZWE,GADM,ZWE.5.2_1,Goromonzi,-0.08429,0.22976,full_february,DAY_OF_WEEK
11/6/2020,ZWE,GADM,ZWE.5.2_1,Goromonzi,-0.183,0.20474,full_february,DAY_OF_WEEK
12/6/2020,ZWE,GADM,ZWE.5.2_1,Goromonzi,-0.10037,0.18688,full_february,DAY_OF_WEEK
13/6/2020,ZWE,GADM,ZWE.5.2_1,Goromonzi,-0.12931,0.2523,full_february,DAY_OF_WEEK
14/6/2020,ZWE,GADM,ZWE.5.2_1,Goromonzi,-0.23347,0.3047,full_february,DAY_OF_WEEK
15/6/2020,ZWE,GADM,ZWE.5.2_1,Goromonzi,-0.22647,0.23514,full_february,DAY_OF_WEEK
16/6/2020,ZWE,GADM,ZWE.5.2_1,Goromonzi,-0.01035,0.22688,full_february,DAY_OF_WEEK
17/6/2020,ZWE,GADM,ZWE.5.2_1,Goromonzi,-0.08508,0.21767,full_february,DAY_OF_WEEK
18/6/2020,ZWE,GADM,ZWE.5.2_1,Goromonzi,-0.15914,0.22223,full_february,DAY_OF_WEEK
19/6/2020,ZWE,GADM,ZWE.5.2_1,Goromonzi,-0.07491,0.18549,full_february,DAY_OF_WEEK
20/6/2020,ZWE,GADM,ZWE.5.2_1,Goromonzi,-0.11541,0.22888,full_february,DAY_OF_WEEK
21/6/2020,ZWE,GADM,ZWE.5.2_1,Goromonzi,-0.18541,0.29917,full_february,DAY_OF_WEEK
22/6/2020,ZWE,GADM,ZWE.5.2_1,Goromonzi,-0.06499,0.23447,full_february,DAY_OF_WEEK
23/6/2020,ZWE,GADM,ZWE.5.2_1,Goromonzi,-0.10663,0.19551,full_february,DAY_OF_WEEK
24/6/2020,ZWE,GADM,ZWE.5.2_1,Goromonzi,-0.07171,0.22475,full_february,DAY_OF_WEEK
25/6/2020,ZWE,GADM,ZWE.5.2_1,Goromonzi,-0.13772,0.20727,full_february,DAY_OF_WEEK
26/6/2020,ZWE,GADM,ZWE.5.2_1,Goromonzi,-0.0366,0.21067,full_february,DAY_OF_WEEK
27/6/2020,ZWE,GADM,ZWE.5.2_1,Goromonzi,-0.04681,0.22568,full_february,DAY_OF_WEEK
28/6/2020,ZWE,GADM,ZWE.5.2_1,Goromonzi,-0.17637,0.27,full_february,DAY_OF_WEEK
29/6/2020,ZWE,GADM,ZWE.5.2_1,Goromonzi,-0.04159,0.16755,full_february,DAY_OF_WEEK
30/6/2020,ZWE,GADM,ZWE.5.2_1,Goromonzi,-0.06428,0.17852,full_february,DAY_OF_WEEK
1/7/2020,ZWE,GADM,ZWE.5.2_1,Goromonzi,-0.00403,0.18101,full_february,DAY_OF_WEEK
2/7/2020,ZWE,GADM,ZWE.5.2_1,Goromonzi,-0.13342,0.2009,full_february,DAY_OF_WEEK
3/7/2020,ZWE,GADM,ZWE.5.2_1,Goromonzi,0.00613,0.16808,full_february,DAY_OF_WEEK
4/7/2020,ZWE,GADM,ZWE.5.2_1,Goromonzi,0.04668,0.20478,full_february,DAY_OF_WEEK
5/7/2020,ZWE,GADM,ZWE.5.2_1,Goromonzi,-0.06649,0.2675,full_february,DAY_OF_WEEK
6/7/2020,ZWE,GADM,ZWE.5.2_1,Goromonzi,-0.04242,0.18051,full_february,DAY_OF_WEEK
7/7/2020,ZWE,GADM,ZWE.5.2_1,Goromonzi,-0.11011,0.22426,full_february,DAY_OF_WEEK
8/7/2020,ZWE,GADM,ZWE.5.2_1,Goromonzi,-0.08761,0.20814,full_february,DAY_OF_WEEK
9/7/2020,ZWE,GADM,ZWE.5.2_1,Goromonzi,-0.02713,0.20923,full_february,DAY_OF_WEEK
10/7/2020,ZWE,GADM,ZWE.5.2_1,Goromonzi,0.00606,0.20055,full_february,DAY_OF_WEEK
1/3/2020,ZWE,GADM,ZWE.6.6_1,Zvimba,-0.08291,0.20366,full_february,DAY_OF_WEEK
2/3/2020,ZWE,GADM,ZWE.6.6_1,Zvimba,0.15496,0.11378,full_february,DAY_OF_WEEK
3/3/2020,ZWE,GADM,ZWE.6.6_1,Zvimba,-0.0346,0.13062,full_february,DAY_OF_WEEK
4/3/2020,ZWE,GADM,ZWE.6.6_1,Zvimba,0.01386,0.14206,full_february,DAY_OF_WEEK
5/3/2020,ZWE,GADM,ZWE.6.6_1,Zvimba,-0.06308,0.16074,full_february,DAY_OF_WEEK
6/3/2020,ZWE,GADM,ZWE.6.6_1,Zvimba,0.04068,0.13121,full_february,DAY_OF_WEEK
7/3/2020,ZWE,GADM,ZWE.6.6_1,Zvimba,0.02179,0.1514,full_february,DAY_OF_WEEK
8/3/2020,ZWE,GADM,ZWE.6.6_1,Zvimba,-0.18551,0.20949,full_february,DAY_OF_WEEK
9/3/2020,ZWE,GADM,ZWE.6.6_1,Zvimba,0.03861,0.12164,full_february,DAY_OF_WEEK
10/3/2020,ZWE,GADM,ZWE.6.6_1,Zvimba,-0.01933,0.13681,full_february,DAY_OF_WEEK
11/3/2020,ZWE,GADM,ZWE.6.6_1,Zvimba,-0.0253,0.13957,full_february,DAY_OF_WEEK
12/3/2020,ZWE,GADM,ZWE.6.6_1,Zvimba,0.04492,0.13527,full_february,DAY_OF_WEEK
13/3/2020,ZWE,GADM,ZWE.6.6_1,Zvimba,0.04321,0.13076,full_february,DAY_OF_WEEK
14/3/2020,ZWE,GADM,ZWE.6.6_1,Zvimba,0.07926,0.16046,full_february,DAY_OF_WEEK
15/3/2020,ZWE,GADM,ZWE.6.6_1,Zvimba,-0.02976,0.19577,full_february,DAY_OF_WEEK
16/3/2020,ZWE,GADM,ZWE.6.6_1,Zvimba,0.11241,0.1377,full_february,DAY_OF_WEEK
17/3/2020,ZWE,GADM,ZWE.6.6_1,Zvimba,-0.00427,0.1145,full_february,DAY_OF_WEEK
18/3/2020,ZWE,GADM,ZWE.6.6_1,Zvimba,0.05202,0.14513,full_february,DAY_OF_WEEK
19/3/2020,ZWE,GADM,ZWE.6.6_1,Zvimba,0.07,0.11157,full_february,DAY_OF_WEEK
20/3/2020,ZWE,GADM,ZWE.6.6_1,Zvimba,-0.04332,0.15838,full_february,DAY_OF_WEEK
21/3/2020,ZWE,GADM,ZWE.6.6_1,Zvimba,-0.05565,0.18861,full_february,DAY_OF_WEEK
22/3/2020,ZWE,GADM,ZWE.6.6_1,Zvimba,-0.28452,0.24996,full_february,DAY_OF_WEEK
23/3/2020,ZWE,GADM,ZWE.6.6_1,Zvimba,0.04944,0.15088,full_february,DAY_OF_WEEK
24/3/2020,ZWE,GADM,ZWE.6.6_1,Zvimba,-0.12129,0.17795,full_february,DAY_OF_WEEK
25/3/2020,ZWE,GADM,ZWE.6.6_1,Zvimba,-0.17722,0.22353,full_february,DAY_OF_WEEK
26/3/2020,ZWE,GADM,ZWE.6.6_1,Zvimba,-0.21549,0.24515,full_february,DAY_OF_WEEK
27/3/2020,ZWE,GADM,ZWE.6.6_1,Zvimba,-0.20939,0.2796,full_february,DAY_OF_WEEK
28/3/2020,ZWE,GADM,ZWE.6.6_1,Zvimba,-0.13023,0.22587,full_february,DAY_OF_WEEK
29/3/2020,ZWE,GADM,ZWE.6.6_1,Zvimba,-0.06067,0.2609,full_february,DAY_OF_WEEK
30/3/2020,ZWE,GADM,ZWE.6.6_1,Zvimba,-0.63399,0.48895,full_february,DAY_OF_WEEK
31/3/2020,ZWE,GADM,ZWE.6.6_1,Zvimba,-0.60805,0.48671,full_february,DAY_OF_WEEK
1/4/2020,ZWE,GADM,ZWE.6.6_1,Zvimba,-0.58278,0.47537,full_february,DAY_OF_WEEK
2/4/2020,ZWE,GADM,ZWE.6.6_1,Zvimba,-0.64041,0.45368,full_february,DAY_OF_WEEK
3/4/2020,ZWE,GADM,ZWE.6.6_1,Zvimba,-0.63226,0.47204,full_february,DAY_OF_WEEK
4/4/2020,ZWE,GADM,ZWE.6.6_1,Zvimba,-0.54748,0.48074,full_february,DAY_OF_WEEK
5/4/2020,ZWE,GADM,ZWE.6.6_1,Zvimba,-0.54976,0.49346,full_february,DAY_OF_WEEK
6/4/2020,ZWE,GADM,ZWE.6.6_1,Zvimba,-0.56691,0.42514,full_february,DAY_OF_WEEK
7/4/2020,ZWE,GADM,ZWE.6.6_1,Zvimba,-0.53198,0.43921,full_february,DAY_OF_WEEK
8/4/2020,ZWE,GADM,ZWE.6.6_1,Zvimba,-0.45846,0.42761,full_february,DAY_OF_WEEK
9/4/2020,ZWE,GADM,ZWE.6.6_1,Zvimba,-0.52027,0.4124,full_february,DAY_OF_WEEK
10/4/2020,ZWE,GADM,ZWE.6.6_1,Zvimba,-0.65689,0.47734,full_february,DAY_OF_WEEK
11/4/2020,ZWE,GADM,ZWE.6.6_1,Zvimba,-0.63042,0.47647,full_february,DAY_OF_WEEK
12/4/2020,ZWE,GADM,ZWE.6.6_1,Zvimba,-0.56271,0.50324,full_february,DAY_OF_WEEK
13/4/2020,ZWE,GADM,ZWE.6.6_1,Zvimba,-0.67742,0.48187,full_february,DAY_OF_WEEK
14/4/2020,ZWE,GADM,ZWE.6.6_1,Zvimba,-0.54992,0.42276,full_february,DAY_OF_WEEK
15/4/2020,ZWE,GADM,ZWE.6.6_1,Zvimba,-0.54203,0.42813,full_february,DAY_OF_WEEK
16/4/2020,ZWE,GADM,ZWE.6.6_1,Zvimba,-0.57617,0.41297,full_february,DAY_OF_WEEK
17/4/2020,ZWE,GADM,ZWE.6.6_1,Zvimba,-0.5954,0.39295,full_february,DAY_OF_WEEK
18/4/2020,ZWE,GADM,ZWE.6.6_1,Zvimba,-0.50768,0.46543,full_february,DAY_OF_WEEK
19/4/2020,ZWE,GADM,ZWE.6.6_1,Zvimba,-0.59894,0.48032,full_february,DAY_OF_WEEK
20/4/2020,ZWE,GADM,ZWE.6.6_1,Zvimba,-0.4848,0.39624,full_february,DAY_OF_WEEK
21/4/2020,ZWE,GADM,ZWE.6.6_1,Zvimba,-0.44356,0.38187,full_february,DAY_OF_WEEK
22/4/2020,ZWE,GADM,ZWE.6.6_1,Zvimba,-0.49408,0.36591,full_february,DAY_OF_WEEK
23/4/2020,ZWE,GADM,ZWE.6.6_1,Zvimba,-0.44891,0.36652,full_february,DAY_OF_WEEK
24/4/2020,ZWE,GADM,ZWE.6.6_1,Zvimba,-0.48842,0.37896,full_february,DAY_OF_WEEK
25/4/2020,ZWE,GADM,ZWE.6.6_1,Zvimba,-0.47974,0.3823,full_february,DAY_OF_WEEK
26/4/2020,ZWE,GADM,ZWE.6.6_1,Zvimba,-0.49103,0.40514,full_february,DAY_OF_WEEK
27/4/2020,ZWE,GADM,ZWE.6.6_1,Zvimba,-0.43517,0.35215,full_february,DAY_OF_WEEK
28/4/2020,ZWE,GADM,ZWE.6.6_1,Zvimba,-0.38204,0.34273,full_february,DAY_OF_WEEK
29/4/2020,ZWE,GADM,ZWE.6.6_1,Zvimba,-0.50141,0.33984,full_february,DAY_OF_WEEK
30/4/2020,ZWE,GADM,ZWE.6.6_1,Zvimba,-0.36076,0.33279,full_february,DAY_OF_WEEK
1/5/2020,ZWE,GADM,ZWE.6.6_1,Zvimba,-0.49765,0.35326,full_february,DAY_OF_WEEK
2/5/2020,ZWE,GADM,ZWE.6.6_1,Zvimba,-0.43485,0.35343,full_february,DAY_OF_WEEK
3/5/2020,ZWE,GADM,ZWE.6.6_1,Zvimba,-0.37124,0.36413,full_february,DAY_OF_WEEK
4/5/2020,ZWE,GADM,ZWE.6.6_1,Zvimba,-0.19082,0.28063,full_february,DAY_OF_WEEK
5/5/2020,ZWE,GADM,ZWE.6.6_1,Zvimba,-0.19395,0.26148,full_february,DAY_OF_WEEK
6/5/2020,ZWE,GADM,ZWE.6.6_1,Zvimba,-0.26103,0.26716,full_february,DAY_OF_WEEK
7/5/2020,ZWE,GADM,ZWE.6.6_1,Zvimba,-0.26116,0.2745,full_february,DAY_OF_WEEK
8/5/2020,ZWE,GADM,ZWE.6.6_1,Zvimba,-0.26264,0.28331,full_february,DAY_OF_WEEK
9/5/2020,ZWE,GADM,ZWE.6.6_1,Zvimba,-0.13737,0.28403,full_february,DAY_OF_WEEK
10/5/2020,ZWE,GADM,ZWE.6.6_1,Zvimba,-0.23057,0.32709,full_february,DAY_OF_WEEK
11/5/2020,ZWE,GADM,ZWE.6.6_1,Zvimba,-0.17151,0.2577,full_february,DAY_OF_WEEK
12/5/2020,ZWE,GADM,ZWE.6.6_1,Zvimba,-0.18954,0.23663,full_february,DAY_OF_WEEK
13/5/2020,ZWE,GADM,ZWE.6.6_1,Zvimba,-0.17287,0.25343,full_february,DAY_OF_WEEK
14/5/2020,ZWE,GADM,ZWE.6.6_1,Zvimba,-0.21414,0.24012,full_february,DAY_OF_WEEK
15/5/2020,ZWE,GADM,ZWE.6.6_1,Zvimba,-0.15534,0.23606,full_february,DAY_OF_WEEK
16/5/2020,ZWE,GADM,ZWE.6.6_1,Zvimba,-0.10968,0.27196,full_february,DAY_OF_WEEK
17/5/2020,ZWE,GADM,ZWE.6.6_1,Zvimba,-0.24789,0.33112,full_february,DAY_OF_WEEK
18/5/2020,ZWE,GADM,ZWE.6.6_1,Zvimba,-0.11546,0.25267,full_february,DAY_OF_WEEK
19/5/2020,ZWE,GADM,ZWE.6.6_1,Zvimba,-0.13638,0.24201,full_february,DAY_OF_WEEK
20/5/2020,ZWE,GADM,ZWE.6.6_1,Zvimba,-0.1548,0.22097,full_february,DAY_OF_WEEK
21/5/2020,ZWE,GADM,ZWE.6.6_1,Zvimba,-0.07577,0.2517,full_february,DAY_OF_WEEK
22/5/2020,ZWE,GADM,ZWE.6.6_1,Zvimba,-0.08457,0.25175,full_february,DAY_OF_WEEK
23/5/2020,ZWE,GADM,ZWE.6.6_1,Zvimba,-0.14271,0.2625,full_february,DAY_OF_WEEK
24/5/2020,ZWE,GADM,ZWE.6.6_1,Zvimba,-0.23149,0.31668,full_february,DAY_OF_WEEK
25/5/2020,ZWE,GADM,ZWE.6.6_1,Zvimba,-0.36748,0.28166,full_february,DAY_OF_WEEK
26/5/2020,ZWE,GADM,ZWE.6.6_1,Zvimba,-0.11038,0.23522,full_february,DAY_OF_WEEK
27/5/2020,ZWE,GADM,ZWE.6.6_1,Zvimba,-0.10672,0.22042,full_february,DAY_OF_WEEK
28/5/2020,ZWE,GADM,ZWE.6.6_1,Zvimba,-0.08919,0.23788,full_february,DAY_OF_WEEK
29/5/2020,ZWE,GADM,ZWE.6.6_1,Zvimba,0.00519,0.21457,full_february,DAY_OF_WEEK
30/5/2020,ZWE,GADM,ZWE.6.6_1,Zvimba,-0.07381,0.25602,full_february,DAY_OF_WEEK
31/5/2020,ZWE,GADM,ZWE.6.6_1,Zvimba,-0.17884,0.27049,full_february,DAY_OF_WEEK
1/6/2020,ZWE,GADM,ZWE.6.6_1,Zvimba,-0.11456,0.22616,full_february,DAY_OF_WEEK
2/6/2020,ZWE,GADM,ZWE.6.6_1,Zvimba,-0.06293,0.22223,full_february,DAY_OF_WEEK
3/6/2020,ZWE,GADM,ZWE.6.6_1,Zvimba,-0.16766,0.22477,full_february,DAY_OF_WEEK
4/6/2020,ZWE,GADM,ZWE.6.6_1,Zvimba,-0.07373,0.24119,full_february,DAY_OF_WEEK
5/6/2020,ZWE,GADM,ZWE.6.6_1,Zvimba,-0.11734,0.20511,full_february,DAY_OF_WEEK
6/6/2020,ZWE,GADM,ZWE.6.6_1,Zvimba,-0.07689,0.25272,full_february,DAY_OF_WEEK
7/6/2020,ZWE,GADM,ZWE.6.6_1,Zvimba,-0.27233,0.29767,full_february,DAY_OF_WEEK
8/6/2020,ZWE,GADM,ZWE.6.6_1,Zvimba,-0.04997,0.21442,full_february,DAY_OF_WEEK
9/6/2020,ZWE,GADM,ZWE.6.6_1,Zvimba,-0.062,0.19657,full_february,DAY_OF_WEEK
10/6/2020,ZWE,GADM,ZWE.6.6_1,Zvimba,-0.00389,0.22996,full_february,DAY_OF_WEEK
11/6/2020,ZWE,GADM,ZWE.6.6_1,Zvimba,-0.14062,0.24104,full_february,DAY_OF_WEEK
12/6/2020,ZWE,GADM,ZWE.6.6_1,Zvimba,-0.0835,0.23232,full_february,DAY_OF_WEEK
13/6/2020,ZWE,GADM,ZWE.6.6_1,Zvimba,0.06182,0.24698,full_february,DAY_OF_WEEK
14/6/2020,ZWE,GADM,ZWE.6.6_1,Zvimba,-0.13088,0.29654,full_february,DAY_OF_WEEK
15/6/2020,ZWE,GADM,ZWE.6.6_1,Zvimba,-0.09913,0.2105,full_february,DAY_OF_WEEK
16/6/2020,ZWE,GADM,ZWE.6.6_1,Zvimba,0.04425,0.20077,full_february,DAY_OF_WEEK
17/6/2020,ZWE,GADM,ZWE.6.6_1,Zvimba,-0.02205,0.22082,full_february,DAY_OF_WEEK
18/6/2020,ZWE,GADM,ZWE.6.6_1,Zvimba,-0.0467,0.23494,full_february,DAY_OF_WEEK
19/6/2020,ZWE,GADM,ZWE.6.6_1,Zvimba,-0.13591,0.21091,full_february,DAY_OF_WEEK
20/6/2020,ZWE,GADM,ZWE.6.6_1,Zvimba,-0.03198,0.25804,full_february,DAY_OF_WEEK
21/6/2020,ZWE,GADM,ZWE.6.6_1,Zvimba,-0.15641,0.27664,full_february,DAY_OF_WEEK
22/6/2020,ZWE,GADM,ZWE.6.6_1,Zvimba,-0.10843,0.23719,full_february,DAY_OF_WEEK
23/6/2020,ZWE,GADM,ZWE.6.6_1,Zvimba,0.00718,0.23418,full_february,DAY_OF_WEEK
24/6/2020,ZWE,GADM,ZWE.6.6_1,Zvimba,-0.0106,0.22428,full_february,DAY_OF_WEEK
25/6/2020,ZWE,GADM,ZWE.6.6_1,Zvimba,-0.0878,0.23234,full_february,DAY_OF_WEEK
26/6/2020,ZWE,GADM,ZWE.6.6_1,Zvimba,-0.13248,0.18723,full_february,DAY_OF_WEEK
27/6/2020,ZWE,GADM,ZWE.6.6_1,Zvimba,-0.05555,0.226,full_february,DAY_OF_WEEK
28/6/2020,ZWE,GADM,ZWE.6.6_1,Zvimba,-0.20243,0.29982,full_february,DAY_OF_WEEK
29/6/2020,ZWE,GADM,ZWE.6.6_1,Zvimba,0.02129,0.19753,full_february,DAY_OF_WEEK
30/6/2020,ZWE,GADM,ZWE.6.6_1,Zvimba,0.00766,0.22534,full_february,DAY_OF_WEEK
1/7/2020,ZWE,GADM,ZWE.6.6_1,Zvimba,-0.1017,0.20656,full_february,DAY_OF_WEEK
2/7/2020,ZWE,GADM,ZWE.6.6_1,Zvimba,-0.0522,0.20315,full_february,DAY_OF_WEEK
3/7/2020,ZWE,GADM,ZWE.6.6_1,Zvimba,-0.05001,0.19802,full_february,DAY_OF_WEEK
4/7/2020,ZWE,GADM,ZWE.6.6_1,Zvimba,0.14877,0.21861,full_february,DAY_OF_WEEK
5/7/2020,ZWE,GADM,ZWE.6.6_1,Zvimba,-0.09667,0.26986,full_february,DAY_OF_WEEK
6/7/2020,ZWE,GADM,ZWE.6.6_1,Zvimba,-0.04868,0.18208,full_february,DAY_OF_WEEK
7/7/2020,ZWE,GADM,ZWE.6.6_1,Zvimba,-0.02415,0.22741,full_february,DAY_OF_WEEK
8/7/2020,ZWE,GADM,ZWE.6.6_1,Zvimba,-0.02145,0.22322,full_february,DAY_OF_WEEK
9/7/2020,ZWE,GADM,ZWE.6.6_1,Zvimba,-0.02811,0.21776,full_february,DAY_OF_WEEK
10/7/2020,ZWE,GADM,ZWE.6.6_1,Zvimba,-0.09598,0.22246,full_february,DAY_OF_WEEK
1/3/2020,ZWE,GADM,ZWE.8.3_1,Hwange,-0.12031,0.17523,full_february,DAY_OF_WEEK
2/3/2020,ZWE,GADM,ZWE.8.3_1,Hwange,0.20263,0.12076,full_february,DAY_OF_WEEK
3/3/2020,ZWE,GADM,ZWE.8.3_1,Hwange,0.04365,0.11052,full_february,DAY_OF_WEEK
4/3/2020,ZWE,GADM,ZWE.8.3_1,Hwange,-0.00911,0.10832,full_february,DAY_OF_WEEK
5/3/2020,ZWE,GADM,ZWE.8.3_1,Hwange,-0.07403,0.10205,full_february,DAY_OF_WEEK
6/3/2020,ZWE,GADM,ZWE.8.3_1,Hwange,-0.02911,0.11655,full_february,DAY_OF_WEEK
7/3/2020,ZWE,GADM,ZWE.8.3_1,Hwange,0.01989,0.12221,full_february,DAY_OF_WEEK
8/3/2020,ZWE,GADM,ZWE.8.3_1,Hwange,0.16729,0.13218,full_february,DAY_OF_WEEK
9/3/2020,ZWE,GADM,ZWE.8.3_1,Hwange,0.09222,0.10352,full_february,DAY_OF_WEEK
10/3/2020,ZWE,GADM,ZWE.8.3_1,Hwange,0.01326,0.11664,full_february,DAY_OF_WEEK
11/3/2020,ZWE,GADM,ZWE.8.3_1,Hwange,0.02463,0.10903,full_february,DAY_OF_WEEK
12/3/2020,ZWE,GADM,ZWE.8.3_1,Hwange,0.19515,0.13506,full_february,DAY_OF_WEEK
13/3/2020,ZWE,GADM,ZWE.8.3_1,Hwange,0.01046,0.1144,full_february,DAY_OF_WEEK
14/3/2020,ZWE,GADM,ZWE.8.3_1,Hwange,0.01628,0.11989,full_february,DAY_OF_WEEK
15/3/2020,ZWE,GADM,ZWE.8.3_1,Hwange,-0.02919,0.14719,full_february,DAY_OF_WEEK
16/3/2020,ZWE,GADM,ZWE.8.3_1,Hwange,-0.08403,0.10273,full_february,DAY_OF_WEEK
17/3/2020,ZWE,GADM,ZWE.8.3_1,Hwange,-0.06032,0.11657,full_february,DAY_OF_WEEK
18/3/2020,ZWE,GADM,ZWE.8.3_1,Hwange,-0.05689,0.12218,full_february,DAY_OF_WEEK
19/3/2020,ZWE,GADM,ZWE.8.3_1,Hwange,-0.05379,0.13054,full_february,DAY_OF_WEEK
20/3/2020,ZWE,GADM,ZWE.8.3_1,Hwange,-0.21014,0.14599,full_february,DAY_OF_WEEK
21/3/2020,ZWE,GADM,ZWE.8.3_1,Hwange,-0.1412,0.15671,full_february,DAY_OF_WEEK
22/3/2020,ZWE,GADM,ZWE.8.3_1,Hwange,-0.14219,0.17617,full_february,DAY_OF_WEEK
23/3/2020,ZWE,GADM,ZWE.8.3_1,Hwange,-0.14009,0.13708,full_february,DAY_OF_WEEK
24/3/2020,ZWE,GADM,ZWE.8.3_1,Hwange,-0.17964,0.17281,full_february,DAY_OF_WEEK
25/3/2020,ZWE,GADM,ZWE.8.3_1,Hwange,0.12204,0.18151,full_february,DAY_OF_WEEK
26/3/2020,ZWE,GADM,ZWE.8.3_1,Hwange,-0.22123,0.2056,full_february,DAY_OF_WEEK
27/3/2020,ZWE,GADM,ZWE.8.3_1,Hwange,-0.25675,0.22692,full_february,DAY_OF_WEEK
28/3/2020,ZWE,GADM,ZWE.8.3_1,Hwange,-0.23413,0.17457,full_february,DAY_OF_WEEK
29/3/2020,ZWE,GADM,ZWE.8.3_1,Hwange,-0.16863,0.20728,full_february,DAY_OF_WEEK
30/3/2020,ZWE,GADM,ZWE.8.3_1,Hwange,-0.47191,0.36921,full_february,DAY_OF_WEEK
31/3/2020,ZWE,GADM,ZWE.8.3_1,Hwange,-0.39694,0.36946,full_february,DAY_OF_WEEK
1/4/2020,ZWE,GADM,ZWE.8.3_1,Hwange,-0.39536,0.32468,full_february,DAY_OF_WEEK
2/4/2020,ZWE,GADM,ZWE.8.3_1,Hwange,-0.49812,0.37749,full_february,DAY_OF_WEEK
3/4/2020,ZWE,GADM,ZWE.8.3_1,Hwange,-0.4899,0.37086,full_february,DAY_OF_WEEK
4/4/2020,ZWE,GADM,ZWE.8.3_1,Hwange,-0.52139,0.39923,full_february,DAY_OF_WEEK
5/4/2020,ZWE,GADM,ZWE.8.3_1,Hwange,-0.50745,0.43813,full_february,DAY_OF_WEEK
6/4/2020,ZWE,GADM,ZWE.8.3_1,Hwange,-0.45278,0.35793,full_february,DAY_OF_WEEK
7/4/2020,ZWE,GADM,ZWE.8.3_1,Hwange,-0.50104,0.37426,full_february,DAY_OF_WEEK
8/4/2020,ZWE,GADM,ZWE.8.3_1,Hwange,-0.40601,0.34659,full_february,DAY_OF_WEEK
9/4/2020,ZWE,GADM,ZWE.8.3_1,Hwange,-0.46964,0.34442,full_february,DAY_OF_WEEK
10/4/2020,ZWE,GADM,ZWE.8.3_1,Hwange,-0.49631,0.35473,full_february,DAY_OF_WEEK
11/4/2020,ZWE,GADM,ZWE.8.3_1,Hwange,-0.47881,0.35454,full_february,DAY_OF_WEEK
12/4/2020,ZWE,GADM,ZWE.8.3_1,Hwange,-0.50083,0.40767,full_february,DAY_OF_WEEK
13/4/2020,ZWE,GADM,ZWE.8.3_1,Hwange,-0.46268,0.36313,full_february,DAY_OF_WEEK
14/4/2020,ZWE,GADM,ZWE.8.3_1,Hwange,-0.42048,0.33919,full_february,DAY_OF_WEEK
15/4/2020,ZWE,GADM,ZWE.8.3_1,Hwange,-0.43934,0.35259,full_february,DAY_OF_WEEK
16/4/2020,ZWE,GADM,ZWE.8.3_1,Hwange,-0.48664,0.34926,full_february,DAY_OF_WEEK
17/4/2020,ZWE,GADM,ZWE.8.3_1,Hwange,-0.4626,0.36715,full_february,DAY_OF_WEEK
18/4/2020,ZWE,GADM,ZWE.8.3_1,Hwange,-0.44978,0.35286,full_february,DAY_OF_WEEK
19/4/2020,ZWE,GADM,ZWE.8.3_1,Hwange,-0.49019,0.36267,full_february,DAY_OF_WEEK
20/4/2020,ZWE,GADM,ZWE.8.3_1,Hwange,-0.43029,0.35659,full_february,DAY_OF_WEEK
21/4/2020,ZWE,GADM,ZWE.8.3_1,Hwange,-0.41845,0.31231,full_february,DAY_OF_WEEK
22/4/2020,ZWE,GADM,ZWE.8.3_1,Hwange,-0.36912,0.31639,full_february,DAY_OF_WEEK
23/4/2020,ZWE,GADM,ZWE.8.3_1,Hwange,-0.39972,0.30546,full_february,DAY_OF_WEEK
24/4/2020,ZWE,GADM,ZWE.8.3_1,Hwange,-0.41758,0.30441,full_february,DAY_OF_WEEK
25/4/2020,ZWE,GADM,ZWE.8.3_1,Hwange,-0.39817,0.33542,full_february,DAY_OF_WEEK
26/4/2020,ZWE,GADM,ZWE.8.3_1,Hwange,-0.45054,0.34277,full_february,DAY_OF_WEEK
27/4/2020,ZWE,GADM,ZWE.8.3_1,Hwange,-0.34469,0.30541,full_february,DAY_OF_WEEK
28/4/2020,ZWE,GADM,ZWE.8.3_1,Hwange,-0.36664,0.29714,full_february,DAY_OF_WEEK
29/4/2020,ZWE,GADM,ZWE.8.3_1,Hwange,-0.3229,0.26343,full_february,DAY_OF_WEEK
30/4/2020,ZWE,GADM,ZWE.8.3_1,Hwange,-0.31426,0.2819,full_february,DAY_OF_WEEK
1/5/2020,ZWE,GADM,ZWE.8.3_1,Hwange,-0.44391,0.34088,full_february,DAY_OF_WEEK
2/5/2020,ZWE,GADM,ZWE.8.3_1,Hwange,-0.42466,0.33735,full_february,DAY_OF_WEEK
3/5/2020,ZWE,GADM,ZWE.8.3_1,Hwange,-0.35526,0.37476,full_february,DAY_OF_WEEK
4/5/2020,ZWE,GADM,ZWE.8.3_1,Hwange,-0.27939,0.29174,full_february,DAY_OF_WEEK
5/5/2020,ZWE,GADM,ZWE.8.3_1,Hwange,-0.24818,0.24893,full_february,DAY_OF_WEEK
6/5/2020,ZWE,GADM,ZWE.8.3_1,Hwange,-0.22613,0.26885,full_february,DAY_OF_WEEK
7/5/2020,ZWE,GADM,ZWE.8.3_1,Hwange,-0.28274,0.23731,full_february,DAY_OF_WEEK
8/5/2020,ZWE,GADM,ZWE.8.3_1,Hwange,-0.29237,0.29071,full_february,DAY_OF_WEEK
9/5/2020,ZWE,GADM,ZWE.8.3_1,Hwange,-0.29445,0.32376,full_february,DAY_OF_WEEK
10/5/2020,ZWE,GADM,ZWE.8.3_1,Hwange,-0.38295,0.35335,full_february,DAY_OF_WEEK
11/5/2020,ZWE,GADM,ZWE.8.3_1,Hwange,-0.30604,0.2762,full_february,DAY_OF_WEEK
12/5/2020,ZWE,GADM,ZWE.8.3_1,Hwange,-0.24566,0.27173,full_february,DAY_OF_WEEK
13/5/2020,ZWE,GADM,ZWE.8.3_1,Hwange,-0.2753,0.27774,full_february,DAY_OF_WEEK
14/5/2020,ZWE,GADM,ZWE.8.3_1,Hwange,-0.34518,0.28185,full_february,DAY_OF_WEEK
15/5/2020,ZWE,GADM,ZWE.8.3_1,Hwange,-0.27992,0.24683,full_february,DAY_OF_WEEK
16/5/2020,ZWE,GADM,ZWE.8.3_1,Hwange,-0.30811,0.28498,full_february,DAY_OF_WEEK
17/5/2020,ZWE,GADM,ZWE.8.3_1,Hwange,-0.39547,0.29788,full_february,DAY_OF_WEEK
18/5/2020,ZWE,GADM,ZWE.8.3_1,Hwange,-0.29084,0.24574,full_february,DAY_OF_WEEK
19/5/2020,ZWE,GADM,ZWE.8.3_1,Hwange,-0.25469,0.22572,full_february,DAY_OF_WEEK
20/5/2020,ZWE,GADM,ZWE.8.3_1,Hwange,-0.21202,0.25861,full_february,DAY_OF_WEEK
21/5/2020,ZWE,GADM,ZWE.8.3_1,Hwange,-0.30732,0.20407,full_february,DAY_OF_WEEK
22/5/2020,ZWE,GADM,ZWE.8.3_1,Hwange,-0.30311,0.21599,full_february,DAY_OF_WEEK
23/5/2020,ZWE,GADM,ZWE.8.3_1,Hwange,-0.27365,0.22427,full_february,DAY_OF_WEEK
24/5/2020,ZWE,GADM,ZWE.8.3_1,Hwange,-0.33697,0.27987,full_february,DAY_OF_WEEK
25/5/2020,ZWE,GADM,ZWE.8.3_1,Hwange,-0.33912,0.26832,full_february,DAY_OF_WEEK
26/5/2020,ZWE,GADM,ZWE.8.3_1,Hwange,-0.27965,0.19299,full_february,DAY_OF_WEEK
27/5/2020,ZWE,GADM,ZWE.8.3_1,Hwange,-0.2857,0.20382,full_february,DAY_OF_WEEK
28/5/2020,ZWE,GADM,ZWE.8.3_1,Hwange,-0.30546,0.23135,full_february,DAY_OF_WEEK
29/5/2020,ZWE,GADM,ZWE.8.3_1,Hwange,-0.23466,0.18786,full_february,DAY_OF_WEEK
30/5/2020,ZWE,GADM,ZWE.8.3_1,Hwange,-0.2697,0.21452,full_february,DAY_OF_WEEK
31/5/2020,ZWE,GADM,ZWE.8.3_1,Hwange,-0.32158,0.30275,full_february,DAY_OF_WEEK
1/6/2020,ZWE,GADM,ZWE.8.3_1,Hwange,-0.17406,0.1985,full_february,DAY_OF_WEEK
2/6/2020,ZWE,GADM,ZWE.8.3_1,Hwange,-0.16641,0.19583,full_february,DAY_OF_WEEK
3/6/2020,ZWE,GADM,ZWE.8.3_1,Hwange,-0.19549,0.22284,full_february,DAY_OF_WEEK
4/6/2020,ZWE,GADM,ZWE.8.3_1,Hwange,-0.19358,0.21543,full_february,DAY_OF_WEEK
5/6/2020,ZWE,GADM,ZWE.8.3_1,Hwange,-0.17728,0.15386,full_february,DAY_OF_WEEK
6/6/2020,ZWE,GADM,ZWE.8.3_1,Hwange,-0.17288,0.22214,full_february,DAY_OF_WEEK
7/6/2020,ZWE,GADM,ZWE.8.3_1,Hwange,-0.19562,0.27939,full_february,DAY_OF_WEEK
8/6/2020,ZWE,GADM,ZWE.8.3_1,Hwange,-0.22839,0.20434,full_february,DAY_OF_WEEK
9/6/2020,ZWE,GADM,ZWE.8.3_1,Hwange,-0.19516,0.22662,full_february,DAY_OF_WEEK
10/6/2020,ZWE,GADM,ZWE.8.3_1,Hwange,-0.09817,0.22439,full_february,DAY_OF_WEEK
11/6/2020,ZWE,GADM,ZWE.8.3_1,Hwange,-0.17795,0.19993,full_february,DAY_OF_WEEK
12/6/2020,ZWE,GADM,ZWE.8.3_1,Hwange,-0.19193,0.19748,full_february,DAY_OF_WEEK
13/6/2020,ZWE,GADM,ZWE.8.3_1,Hwange,-0.22325,0.23683,full_february,DAY_OF_WEEK
14/6/2020,ZWE,GADM,ZWE.8.3_1,Hwange,-0.32652,0.27406,full_february,DAY_OF_WEEK
15/6/2020,ZWE,GADM,ZWE.8.3_1,Hwange,-0.24401,0.1969,full_february,DAY_OF_WEEK
16/6/2020,ZWE,GADM,ZWE.8.3_1,Hwange,-0.13676,0.20546,full_february,DAY_OF_WEEK
17/6/2020,ZWE,GADM,ZWE.8.3_1,Hwange,-0.0784,0.20227,full_february,DAY_OF_WEEK
18/6/2020,ZWE,GADM,ZWE.8.3_1,Hwange,-0.20331,0.19338,full_february,DAY_OF_WEEK
19/6/2020,ZWE,GADM,ZWE.8.3_1,Hwange,-0.16493,0.16949,full_february,DAY_OF_WEEK
20/6/2020,ZWE,GADM,ZWE.8.3_1,Hwange,-0.16073,0.19058,full_february,DAY_OF_WEEK
21/6/2020,ZWE,GADM,ZWE.8.3_1,Hwange,-0.24613,0.27428,full_february,DAY_OF_WEEK
22/6/2020,ZWE,GADM,ZWE.8.3_1,Hwange,-0.11962,0.17114,full_february,DAY_OF_WEEK
23/6/2020,ZWE,GADM,ZWE.8.3_1,Hwange,-0.18145,0.19468,full_february,DAY_OF_WEEK
24/6/2020,ZWE,GADM,ZWE.8.3_1,Hwange,-0.07336,0.19334,full_february,DAY_OF_WEEK
25/6/2020,ZWE,GADM,ZWE.8.3_1,Hwange,-0.14893,0.17637,full_february,DAY_OF_WEEK
26/6/2020,ZWE,GADM,ZWE.8.3_1,Hwange,-0.20466,0.21015,full_february,DAY_OF_WEEK
27/6/2020,ZWE,GADM,ZWE.8.3_1,Hwange,-0.2022,0.20683,full_february,DAY_OF_WEEK
28/6/2020,ZWE,GADM,ZWE.8.3_1,Hwange,-0.21433,0.24201,full_february,DAY_OF_WEEK
29/6/2020,ZWE,GADM,ZWE.8.3_1,Hwange,-0.15041,0.18386,full_february,DAY_OF_WEEK
30/6/2020,ZWE,GADM,ZWE.8.3_1,Hwange,-0.19187,0.20354,full_february,DAY_OF_WEEK
1/7/2020,ZWE,GADM,ZWE.8.3_1,Hwange,-0.10102,0.16623,full_february,DAY_OF_WEEK
2/7/2020,ZWE,GADM,ZWE.8.3_1,Hwange,-0.17415,0.16782,full_february,DAY_OF_WEEK
3/7/2020,ZWE,GADM,ZWE.8.3_1,Hwange,-0.17597,0.13646,full_february,DAY_OF_WEEK
4/7/2020,ZWE,GADM,ZWE.8.3_1,Hwange,-0.24419,0.19762,full_february,DAY_OF_WEEK
5/7/2020,ZWE,GADM,ZWE.8.3_1,Hwange,-0.29872,0.24788,full_february,DAY_OF_WEEK
6/7/2020,ZWE,GADM,ZWE.8.3_1,Hwange,-0.16683,0.1879,full_february,DAY_OF_WEEK
7/7/2020,ZWE,GADM,ZWE.8.3_1,Hwange,0.00322,0.18666,full_february,DAY_OF_WEEK
8/7/2020,ZWE,GADM,ZWE.8.3_1,Hwange,-0.12506,0.16101,full_february,DAY_OF_WEEK
9/7/2020,ZWE,GADM,ZWE.8.3_1,Hwange,-0.19717,0.16997,full_february,DAY_OF_WEEK
10/7/2020,ZWE,GADM,ZWE.8.3_1,Hwange,-0.27638,0.15722,full_february,DAY_OF_WEEK
1/3/2020,ZWE,GADM,ZWE.9.1_1,Beitbridge,-0.10709,0.08532,full_february,DAY_OF_WEEK
2/3/2020,ZWE,GADM,ZWE.9.1_1,Beitbridge,0.44824,0.11472,full_february,DAY_OF_WEEK
3/3/2020,ZWE,GADM,ZWE.9.1_1,Beitbridge,0.04002,0.0941,full_february,DAY_OF_WEEK
4/3/2020,ZWE,GADM,ZWE.9.1_1,Beitbridge,-0.01732,0.07607,full_february,DAY_OF_WEEK
5/3/2020,ZWE,GADM,ZWE.9.1_1,Beitbridge,0.07125,0.08599,full_february,DAY_OF_WEEK
6/3/2020,ZWE,GADM,ZWE.9.1_1,Beitbridge,-0.02029,0.09342,full_february,DAY_OF_WEEK
7/3/2020,ZWE,GADM,ZWE.9.1_1,Beitbridge,-0.08773,0.0718,full_february,DAY_OF_WEEK
8/3/2020,ZWE,GADM,ZWE.9.1_1,Beitbridge,-0.06572,0.07596,full_february,DAY_OF_WEEK
9/3/2020,ZWE,GADM,ZWE.9.1_1,Beitbridge,0.1013,0.08591,full_february,DAY_OF_WEEK
10/3/2020,ZWE,GADM,ZWE.9.1_1,Beitbridge,0.05025,0.05409,full_february,DAY_OF_WEEK
11/3/2020,ZWE,GADM,ZWE.9.1_1,Beitbridge,-0.02995,0.09757,full_february,DAY_OF_WEEK
12/3/2020,ZWE,GADM,ZWE.9.1_1,Beitbridge,0.21995,0.12621,full_february,DAY_OF_WEEK
13/3/2020,ZWE,GADM,ZWE.9.1_1,Beitbridge,-0.08422,0.12926,full_february,DAY_OF_WEEK
14/3/2020,ZWE,GADM,ZWE.9.1_1,Beitbridge,-0.19265,0.09984,full_february,DAY_OF_WEEK
15/3/2020,ZWE,GADM,ZWE.9.1_1,Beitbridge,-0.10706,0.07627,full_february,DAY_OF_WEEK
16/3/2020,ZWE,GADM,ZWE.9.1_1,Beitbridge,0.06938,0.07941,full_february,DAY_OF_WEEK
17/3/2020,ZWE,GADM,ZWE.9.1_1,Beitbridge,-0.06001,0.08224,full_february,DAY_OF_WEEK
18/3/2020,ZWE,GADM,ZWE.9.1_1,Beitbridge,-0.01485,0.1019,full_february,DAY_OF_WEEK
19/3/2020,ZWE,GADM,ZWE.9.1_1,Beitbridge,0.05949,0.08846,full_february,DAY_OF_WEEK
20/3/2020,ZWE,GADM,ZWE.9.1_1,Beitbridge,-0.02152,0.10371,full_february,DAY_OF_WEEK
21/3/2020,ZWE,GADM,ZWE.9.1_1,Beitbridge,-0.01878,0.07753,full_february,DAY_OF_WEEK
22/3/2020,ZWE,GADM,ZWE.9.1_1,Beitbridge,-0.01002,0.10931,full_february,DAY_OF_WEEK
23/3/2020,ZWE,GADM,ZWE.9.1_1,Beitbridge,-0.05566,0.0809,full_february,DAY_OF_WEEK
24/3/2020,ZWE,GADM,ZWE.9.1_1,Beitbridge,0.19903,0.08496,full_february,DAY_OF_WEEK
25/3/2020,ZWE,GADM,ZWE.9.1_1,Beitbridge,0.12388,0.08628,full_february,DAY_OF_WEEK
26/3/2020,ZWE,GADM,ZWE.9.1_1,Beitbridge,0.07242,0.10548,full_february,DAY_OF_WEEK
27/3/2020,ZWE,GADM,ZWE.9.1_1,Beitbridge,-0.16796,0.12378,full_february,DAY_OF_WEEK
28/3/2020,ZWE,GADM,ZWE.9.1_1,Beitbridge,-0.31208,0.11642,full_february,DAY_OF_WEEK
29/3/2020,ZWE,GADM,ZWE.9.1_1,Beitbridge,-0.16339,0.14402,full_february,DAY_OF_WEEK
30/3/2020,ZWE,GADM,ZWE.9.1_1,Beitbridge,-0.35602,0.20102,full_february,DAY_OF_WEEK
1/4/2020,ZWE,GADM,ZWE.9.1_1,Beitbridge,-0.4551,0.23476,full_february,DAY_OF_WEEK
5/4/2020,ZWE,GADM,ZWE.9.1_1,Beitbridge,-0.46124,0.22926,full_february,DAY_OF_WEEK
7/4/2020,ZWE,GADM,ZWE.9.1_1,Beitbridge,-0.35984,0.19601,full_february,DAY_OF_WEEK
9/4/2020,ZWE,GADM,ZWE.9.1_1,Beitbridge,-0.37353,0.21191,full_february,DAY_OF_WEEK
11/4/2020,ZWE,GADM,ZWE.9.1_1,Beitbridge,-0.44309,0.21185,full_february,DAY_OF_WEEK
12/4/2020,ZWE,GADM,ZWE.9.1_1,Beitbridge,-0.43117,0.21416,full_february,DAY_OF_WEEK
15/4/2020,ZWE,GADM,ZWE.9.1_1,Beitbridge,-0.47576,0.18967,full_february,DAY_OF_WEEK
16/4/2020,ZWE,GADM,ZWE.9.1_1,Beitbridge,-0.37701,0.21346,full_february,DAY_OF_WEEK
19/4/2020,ZWE,GADM,ZWE.9.1_1,Beitbridge,-0.36137,0.24023,full_february,DAY_OF_WEEK
20/4/2020,ZWE,GADM,ZWE.9.1_1,Beitbridge,-0.31093,0.17557,full_february,DAY_OF_WEEK
21/4/2020,ZWE,GADM,ZWE.9.1_1,Beitbridge,-0.29559,0.16382,full_february,DAY_OF_WEEK
22/4/2020,ZWE,GADM,ZWE.9.1_1,Beitbridge,-0.36478,0.15842,full_february,DAY_OF_WEEK
24/4/2020,ZWE,GADM,ZWE.9.1_1,Beitbridge,-0.38678,0.17004,full_february,DAY_OF_WEEK
1/5/2020,ZWE,GADM,ZWE.9.1_1,Beitbridge,-0.38598,0.12986,full_february,DAY_OF_WEEK
2/5/2020,ZWE,GADM,ZWE.9.1_1,Beitbridge,-0.45,0.17115,full_february,DAY_OF_WEEK
4/5/2020,ZWE,GADM,ZWE.9.1_1,Beitbridge,-0.24056,0.17556,full_february,DAY_OF_WEEK
5/5/2020,ZWE,GADM,ZWE.9.1_1,Beitbridge,-0.2842,0.15104,full_february,DAY_OF_WEEK
6/5/2020,ZWE,GADM,ZWE.9.1_1,Beitbridge,-0.26608,0.15273,full_february,DAY_OF_WEEK
7/5/2020,ZWE,GADM,ZWE.9.1_1,Beitbridge,-0.09855,0.13355,full_february,DAY_OF_WEEK
8/5/2020,ZWE,GADM,ZWE.9.1_1,Beitbridge,-0.30212,0.15695,full_february,DAY_OF_WEEK
9/5/2020,ZWE,GADM,ZWE.9.1_1,Beitbridge,-0.22432,0.12274,full_february,DAY_OF_WEEK
10/5/2020,ZWE,GADM,ZWE.9.1_1,Beitbridge,-0.28685,0.1372,full_february,DAY_OF_WEEK
11/5/2020,ZWE,GADM,ZWE.9.1_1,Beitbridge,-0.19616,0.13196,full_february,DAY_OF_WEEK
12/5/2020,ZWE,GADM,ZWE.9.1_1,Beitbridge,-0.16954,0.12079,full_february,DAY_OF_WEEK
13/5/2020,ZWE,GADM,ZWE.9.1_1,Beitbridge,-0.25012,0.1653,full_february,DAY_OF_WEEK
14/5/2020,ZWE,GADM,ZWE.9.1_1,Beitbridge,-0.17933,0.14869,full_february,DAY_OF_WEEK
15/5/2020,ZWE,GADM,ZWE.9.1_1,Beitbridge,-0.22809,0.14107,full_february,DAY_OF_WEEK
16/5/2020,ZWE,GADM,ZWE.9.1_1,Beitbridge,-0.30928,0.12573,full_february,DAY_OF_WEEK
17/5/2020,ZWE,GADM,ZWE.9.1_1,Beitbridge,-0.1297,0.14639,full_february,DAY_OF_WEEK
18/5/2020,ZWE,GADM,ZWE.9.1_1,Beitbridge,-0.13185,0.1188,full_february,DAY_OF_WEEK
19/5/2020,ZWE,GADM,ZWE.9.1_1,Beitbridge,-0.16471,0.13871,full_february,DAY_OF_WEEK
20/5/2020,ZWE,GADM,ZWE.9.1_1,Beitbridge,-0.2151,0.13852,full_february,DAY_OF_WEEK
21/5/2020,ZWE,GADM,ZWE.9.1_1,Beitbridge,-0.01006,0.12586,full_february,DAY_OF_WEEK
22/5/2020,ZWE,GADM,ZWE.9.1_1,Beitbridge,-0.18391,0.11125,full_february,DAY_OF_WEEK
23/5/2020,ZWE,GADM,ZWE.9.1_1,Beitbridge,-0.22376,0.11946,full_february,DAY_OF_WEEK
24/5/2020,ZWE,GADM,ZWE.9.1_1,Beitbridge,-0.19114,0.1516,full_february,DAY_OF_WEEK
25/5/2020,ZWE,GADM,ZWE.9.1_1,Beitbridge,-0.01618,0.14265,full_february,DAY_OF_WEEK
26/5/2020,ZWE,GADM,ZWE.9.1_1,Beitbridge,-0.13333,0.1267,full_february,DAY_OF_WEEK
27/5/2020,ZWE,GADM,ZWE.9.1_1,Beitbridge,-0.16032,0.14327,full_february,DAY_OF_WEEK
28/5/2020,ZWE,GADM,ZWE.9.1_1,Beitbridge,-0.06971,0.14401,full_february,DAY_OF_WEEK
29/5/2020,ZWE,GADM,ZWE.9.1_1,Beitbridge,-0.09976,0.12658,full_february,DAY_OF_WEEK
30/5/2020,ZWE,GADM,ZWE.9.1_1,Beitbridge,-0.17159,0.1094,full_february,DAY_OF_WEEK
31/5/2020,ZWE,GADM,ZWE.9.1_1,Beitbridge,-0.1655,0.12023,full_february,DAY_OF_WEEK
1/6/2020,ZWE,GADM,ZWE.9.1_1,Beitbridge,-0.01816,0.10923,full_february,DAY_OF_WEEK
2/6/2020,ZWE,GADM,ZWE.9.1_1,Beitbridge,-0.02159,0.10904,full_february,DAY_OF_WEEK
3/6/2020,ZWE,GADM,ZWE.9.1_1,Beitbridge,-0.11557,0.09792,full_february,DAY_OF_WEEK
4/6/2020,ZWE,GADM,ZWE.9.1_1,Beitbridge,-0.02786,0.1092,full_february,DAY_OF_WEEK
5/6/2020,ZWE,GADM,ZWE.9.1_1,Beitbridge,-0.19521,0.12634,full_february,DAY_OF_WEEK
6/6/2020,ZWE,GADM,ZWE.9.1_1,Beitbridge,-0.26566,0.09344,full_february,DAY_OF_WEEK
7/6/2020,ZWE,GADM,ZWE.9.1_1,Beitbridge,-0.15433,0.10082,full_february,DAY_OF_WEEK
8/6/2020,ZWE,GADM,ZWE.9.1_1,Beitbridge,-0.08256,0.10188,full_february,DAY_OF_WEEK
9/6/2020,ZWE,GADM,ZWE.9.1_1,Beitbridge,-0.02396,0.06795,full_february,DAY_OF_WEEK
10/6/2020,ZWE,GADM,ZWE.9.1_1,Beitbridge,-0.02233,0.09101,full_february,DAY_OF_WEEK
11/6/2020,ZWE,GADM,ZWE.9.1_1,Beitbridge,0.00065,0.1019,full_february,DAY_OF_WEEK
12/6/2020,ZWE,GADM,ZWE.9.1_1,Beitbridge,-0.05717,0.10207,full_february,DAY_OF_WEEK
13/6/2020,ZWE,GADM,ZWE.9.1_1,Beitbridge,-0.1807,0.08213,full_february,DAY_OF_WEEK
14/6/2020,ZWE,GADM,ZWE.9.1_1,Beitbridge,-0.21728,0.12504,full_february,DAY_OF_WEEK
15/6/2020,ZWE,GADM,ZWE.9.1_1,Beitbridge,-0.14451,0.10068,full_february,DAY_OF_WEEK
16/6/2020,ZWE,GADM,ZWE.9.1_1,Beitbridge,-0.05827,0.10335,full_february,DAY_OF_WEEK
17/6/2020,ZWE,GADM,ZWE.9.1_1,Beitbridge,-0.21308,0.09969,full_february,DAY_OF_WEEK
18/6/2020,ZWE,GADM,ZWE.9.1_1,Beitbridge,-0.12752,0.10507,full_february,DAY_OF_WEEK
19/6/2020,ZWE,GADM,ZWE.9.1_1,Beitbridge,-0.20452,0.10926,full_february,DAY_OF_WEEK
20/6/2020,ZWE,GADM,ZWE.9.1_1,Beitbridge,-0.25243,0.10374,full_february,DAY_OF_WEEK
21/6/2020,ZWE,GADM,ZWE.9.1_1,Beitbridge,-0.09594,0.10931,full_february,DAY_OF_WEEK
22/6/2020,ZWE,GADM,ZWE.9.1_1,Beitbridge,0.04559,0.07311,full_february,DAY_OF_WEEK
23/6/2020,ZWE,GADM,ZWE.9.1_1,Beitbridge,-0.05973,0.1309,full_february,DAY_OF_WEEK
26/6/2020,ZWE,GADM,ZWE.9.1_1,Beitbridge,-0.07615,0.12041,full_february,DAY_OF_WEEK
27/6/2020,ZWE,GADM,ZWE.9.1_1,Beitbridge,-0.27428,0.1308,full_february,DAY_OF_WEEK
28/6/2020,ZWE,GADM,ZWE.9.1_1,Beitbridge,-0.19626,0.11923,full_february,DAY_OF_WEEK
29/6/2020,ZWE,GADM,ZWE.9.1_1,Beitbridge,-0.12044,0.08725,full_february,DAY_OF_WEEK
30/6/2020,ZWE,GADM,ZWE.9.1_1,Beitbridge,0.00947,0.10761,full_february,DAY_OF_WEEK
1/7/2020,ZWE,GADM,ZWE.9.1_1,Beitbridge,-0.12783,0.11332,full_february,DAY_OF_WEEK
2/7/2020,ZWE,GADM,ZWE.9.1_1,Beitbridge,-0.01706,0.12434,full_february,DAY_OF_WEEK
3/7/2020,ZWE,GADM,ZWE.9.1_1,Beitbridge,-0.08742,0.09531,full_february,DAY_OF_WEEK
4/7/2020,ZWE,GADM,ZWE.9.1_1,Beitbridge,-0.27896,0.11507,full_february,DAY_OF_WEEK
6/7/2020,ZWE,GADM,ZWE.9.1_1,Beitbridge,-0.13739,0.11152,full_february,DAY_OF_WEEK
7/7/2020,ZWE,GADM,ZWE.9.1_1,Beitbridge,-0.13968,0.10646,full_february,DAY_OF_WEEK
9/7/2020,ZWE,GADM,ZWE.9.1_1,Beitbridge,-0.19345,0.11936,full_february,DAY_OF_WEEK
10/7/2020,ZWE,GADM,ZWE.9.1_1,Beitbridge,-0.15559,0.10633,full_february,DAY_OF_WEEK
